subset	representation	folio	line	region_id	relation_type	alignment_confidence	sequence_length	predicted_opportunities	corruptions	real_code_length_bits	median_corrupted_code_length_bits	mean_corrupted_code_length_bits	real_minus_median_corrupted_bits	real_minus_mean_corrupted_bits	real_better_than_median	real_better_than_all_corruptions	corrupted_better_count
all	ATOMS	f2r	1	f2r-l1-r001	1:1	low-medium	17	15	100	49.24688780476242	60.65452831292443	60.325858417363044	-11.407640508162004	-11.07897061260062	yes	yes	0
all	ATOMS	f2r	1	f2r-l1-r002	N:M	low	36	34	100	118.15525929475828	136.3914108385962	136.2970485545026	-18.236151543837906	-18.141789259744314	yes	yes	0
all	ATOMS	f2r	1	f2r-l1-r003	N:M	low	33	31	100	109.9285763486064	124.098247528205	123.80702864159112	-14.169671179598595	-13.878452292984718	yes	yes	0
all	ATOMS	f2r	2	f2r-l2-r001	1:1	medium	16	14	100	56	56	56	0	0	no	no	0
all	ATOMS	f2r	2	f2r-l2-r002	N:1	low	15	13	100	44.370438322718044	52.81378119121703	52.470172490070034	-8.443342868498988	-8.09973416735199	yes	yes	0
all	ATOMS	f2r	2	f2r-l2-r003	N:M	low	26	24	100	59.41468523580721	95.15556963121053	94.16465918618289	-35.74088439540331	-34.749973950375676	yes	yes	0
all	ATOMS	f2r	3	f2r-l3-r001	1:1	low-medium	14	12	100	40.24524894733264	48.79032066752329	48.17964095884311	-8.545071720190649	-7.934392011510468	yes	no	1
all	ATOMS	f2r	3	f2r-l3-r002	N:1	low	13	11	100	28.285185451520412	41.43889971411653	41.44508293608153	-13.153714262596118	-13.159897484561121	yes	yes	0
all	ATOMS	f2r	3	f2r-l3-r003	1:N	low	12	10	100	32.174370906473506	39.516273108524494	39.449876411588576	-7.3419022020509885	-7.2755055051150705	yes	yes	0
all	ATOMS	f2r	3	f2r-l3-r004	1:1	low-medium	7	5	100	18.906890595608516	20.32192809488736	19.55688763958321	-1.4150374992788457	-0.6499970439746932	yes	no	30
all	ATOMS	f2r	3	f2r-l3-r005	1:1	low-medium	9	7	100	13.439490543003384	28.169925001442312	27.492388466131764	-14.730434458438928	-14.05289792312838	yes	yes	0
all	ATOMS	f2r	4	f2r-l4-r001	1:N	low	13	11	100	38.295932886354414	43.76596302500677	43.63395764935244	-5.470030138652355	-5.338024762998025	yes	no	2
all	ATOMS	f2r	4	f2r-l4-r002	N:M	low	54	52	100	208	208	208	0	0	no	no	0
all	ATOMS	f2r	5	f2r-l5-r001	N:M	low	17	15	100	53.72067178682556	60.661778097771986	60.16544947528028	-6.941106310946424	-6.444777688454721	yes	no	1
all	ATOMS	f2r	5	f2r-l5-r002	N:M	low	28	26	100	77.18947501009617	103.96484840278781	103.74784897677401	-26.775373392691634	-26.558373966677834	yes	yes	0
all	ATOMS	f2r	5	f2r-l5-r003	N:M	low	24	22	100	83.1350272260738	88.31532208370204	88.0588507614286	-5.18029485762824	-4.923823535354799	yes	no	1
all	ATOMS	f2r	6	f2r-l6-r001	N:M	low	21	19	100	66.67970000576923	76.1980253134601	75.72850948591064	-9.518325307690873	-9.0488094801414	yes	yes	0
all	ATOMS	f2r	6	f2r-l6-r002	N:M	low	17	15	100	54.024348177156696	60.49185309632968	60.067209535327905	-6.467504919172981	-6.0428613581712085	yes	yes	0
all	ATOMS	f2r	6	f2r-l6-r003	N:M	low	40	38	100	102.77511442978977	150.36998017070408	150.8604974851835	-47.594865740914315	-48.08538305539372	yes	yes	0
all	ATOMS	f2r	7	f2r-l7-r001	N:M	low	28	26	100	80.18947501009622	104.12499839990318	103.88568667669082	-23.93552338980696	-23.696211666594607	yes	yes	0
all	ATOMS	f2r	7	f2r-l7-r002	N:1	low	14	12	100	25.259623777671138	48.424801270149445	48.018362329648454	-23.165177492478307	-22.758738551977316	yes	yes	0
all	ATOMS	f2r	8	f2r-l8-r001	1:1	low-medium	15	13	100	43.981873034800394	52.32192809488736	51.993825373622386	-8.340055060086968	-8.011952338821992	yes	yes	0
all	ATOMS	f2r	8	f2r-l8-r002	N:M	low	40	38	100	107.19768013069658	154.18323047158512	153.73225429531516	-46.98555034088854	-46.534574164618576	yes	yes	0
all	ATOMS	f2r	8	f2r-l8-r003	N:M	low	46	44	100	140.1749960689374	175.3105965991457	175.1362342571789	-35.13560053020831	-34.96123818824151	yes	yes	0
all	ATOMS	f2r	9	f2r-l9-r001	1:1	low-medium	13	11	100	42.04439411935846	44.281359713524665	43.83596379074269	-2.2369655941662074	-1.7915696713842308	yes	no	13
all	ATOMS	f2r	9	f2r-l9-r002	N:M	low	45	43	100	172	172	172	0	0	no	no	0
all	ATOMS	f2r	9	f2r-l9-r003	N:M	low	14	12	100	35.9261304828734	48.222041925961335	47.724541330253835	-12.295911443087938	-11.798410847380438	yes	yes	0
all	ATOMS	f2r	9	f2r-l9-r004	N:M	low	30	28	100	92.4934811969863	111.80307030501581	111.70473224776302	-19.309589108029513	-19.211251050776724	yes	yes	0
all	ATOMS	f2r	10	f2r-l10-r001	N:M	low	26	24	100	72.55499838998526	96.53079628484642	96.36218842191266	-23.97579789486116	-23.807190031927405	yes	yes	0
all	ATOMS	f2r	10	f2r-l10-r002	N:M	low	20	18	100	50.48264040810513	72.5896022890452	72.01837056307446	-22.106961880940077	-21.53573015496933	yes	yes	0
all	ATOMS	f2r	10	f2r-l10-r003	N:M	low	23	21	100	62.900042501904906	83.8114716935608	83.60272449985659	-20.9114291916559	-20.702681997951686	yes	yes	0
all	ATOMS	f2r	10	f2r-l10-r004	1:1	low-medium	11	9	100	28.0850361038558	35.93072522130417	35.53520600830835	-7.845689117448373	-7.450169904452551	yes	no	1
all	ATOMS	f2r	11	f2r-l11-r001	N:M	low	18	16	100	44.753457238129045	64.2961674052533	64.08282946146184	-19.542710167124255	-19.329372223332797	yes	yes	0
all	ATOMS	f2r	11	f2r-l11-r002	N:M	low	25	23	100	71.31712992638454	92.3677118134883	92.46177859476913	-21.05058188710376	-21.14464866838459	yes	yes	0
all	ATOMS	f2r	11	f2r-l11-r003	1:1	medium	8	6	100	14.795859283219775	24.169925001442312	23.706211417942477	-9.374065718222537	-8.910352134722702	yes	yes	0
all	ATOMS	f2r	11	f2r-l11-r004	N:1	low	12	10	100	31.906890595608516	39.5030370028439	39.15061724498967	-7.596146407235381	-7.243726649381152	yes	yes	0
all	ATOMS	f2r	11	f2r-l11-r005	1:1	medium	4	2	100	8	8	8	0	0	no	no	0
all	ATOMS	f2r	12	f2r-l12-r001	1:1	low-medium	8	6	100	10.95623008973908	22.459431618637296	22.702311078284037	-11.503201528898217	-11.746080988544957	yes	yes	0
all	ATOMS	f2r	12	f2r-l12-r002	N:M	low	24	22	100	70.97168387400667	86.81333225421399	86.78021503857545	-15.841648380207317	-15.808531164568777	yes	yes	0
all	ATOMS	f2r	12	f2r-l12-r003	N:M	low	28	26	100	84.20739691809347	103.84147810354123	103.89562666433538	-19.63408118544777	-19.688229746241916	yes	yes	0
all	ATOMS	f2r	12	f2r-l12-r004	N:M	low	29	27	100	108	108	108	0	0	no	no	0
all	ATOMS	f2r	13	f2r-l13-r001	N:M	low	43	41	100	108.12580636390281	159.48410427351322	158.53869508417637	-51.358297909610414	-50.41288872027356	yes	yes	0
all	ATOMS	f2v	1	f2v-l1-r001	1:1	low-medium	10	8	100	25.73286119583347	32.49185309632968	32.04641628340833	-6.758991900496209	-6.3135550875748585	yes	yes	0
all	ATOMS	f2v	1	f2v-l1-r002	N:M	low	48	46	100	184	184	184	0	0	no	no	0
all	ATOMS	f2v	1	f2v-l1-r003	N:M	low	19	17	100	51.270084884090764	68.93075281044621	68.49154331195527	-17.660667926355444	-17.221458427864505	yes	yes	0
all	ATOMS	f2v	2	f2v-l2-r001	N:M	low	29	27	100	108	108	108	0	0	no	no	0
all	ATOMS	f2v	2	f2v-l2-r002	N:M	low	31	29	100	70.32682858531123	115.88478593152571	115.41101021063977	-45.55795734621448	-45.08418162532854	yes	yes	0
all	ATOMS	f2v	2	f2v-l2-r003	N:M	low	16	14	100	56	56	56	0	0	no	no	0
all	ATOMS	f2v	3	f2v-l3-r001	1:1	medium	10	8	100	21.04295214518455	30.262028903340106	30.303538055512814	-9.219076758155555	-9.260585910328263	yes	yes	0
all	ATOMS	f2v	3	f2v-l3-r002	N:M	low	43	41	100	119.9274089028851	161.9626476610277	162.02099655831228	-42.03523875814258	-42.09358765542717	yes	yes	0
all	ATOMS	f2v	3	f2v-l3-r003	N:M	low	22	20	100	43.86302791291204	80.1482057120803	80.1747157091606	-36.28517779916826	-36.311687796248556	yes	yes	0
all	ATOMS	f2v	4	f2v-l4-r001	N:M	low	33	31	100	101.50151653067488	123.58631241772395	123.33290102710951	-22.08479588704907	-21.831384496434637	yes	yes	0
all	ATOMS	f2v	5	f2v-l5-r001	1:1	medium	11	9	100	22.921537371572917	36.55245795453432	35.947709904974964	-13.630920582961402	-13.026172533402047	yes	yes	0
all	ATOMS	f2v	5	f2v-l5-r002	N:M	low	28	26	100	85.86754691520882	103.17155310209893	103.07955348407353	-17.304006186890106	-17.21200656886471	yes	yes	0
all	ATOMS	f2v	5	f2v-l5-r003	N:M	low	10	8	100	18.66260736407186	30.308930490620888	30.067023229862507	-11.646323126549028	-11.404415865790646	yes	yes	0
all	ATOMS	f2v	5	f2v-l5-r004	N:M	low	22	20	100	47.321858533814805	81.88432595202809	81.57647734299636	-34.56246741821329	-34.25461880918155	yes	yes	0
all	ATOMS	f2v	6	f2v-l6-r001	N:M	low	39	37	100	114.78443332454823	147.63477340423015	147.4772919763311	-32.850340079681914	-32.692858651782856	yes	yes	0
all	ATOMS	f2v	6	f2v-l6-r002	1:1	medium	10	8	100	17.936036941268036	30.412939286119865	29.872984944319324	-12.47690234485183	-11.936948003051288	yes	yes	0
all	ATOMS	f2v	6	f2v-l6-r003	N:M	low	29	27	100	108	108	108	0	0	no	no	0
all	ATOMS	f2v	7	f2v-l7-r001	N:M	low	23	21	100	64.13708169920575	84.54064850259806	84.49114520238899	-20.40356680339231	-20.35406350318324	yes	yes	0
all	ATOMS	f2v	7	f2v-l7-r002	1:1	medium	13	11	100	36.91454207160002	42.58064133504658	42.54382183371902	-5.6660992634465615	-5.629279762119005	yes	yes	0
all	ATOMS	f2v	7	f2v-l7-r003	N:M	low	27	25	100	89.47050543293095	98.68221626575786	98.30010402904449	-9.21171083282691	-8.829598596113541	yes	yes	0
all	ATOMS	f2v	7	f2v-l7-r004	1:1	medium	10	8	100	23.747496261658377	32.37357199909337	32.00607590593358	-8.626075737434995	-8.258579644275201	yes	no	2
all	ATOMS	f2v	8	f2v-l8-r001	N:M	low	35	33	100	111.71919089243825	132.32449036886857	132.41805791164882	-20.605299476430318	-20.698867019210567	yes	yes	0
all	ATOMS	f2v	8	f2v-l8-r002	1:1	medium	12	10	100	34.07428866902179	39.6049989775631	39.14402899532583	-5.530710308541309	-5.069740326304043	yes	no	1
all	EVA	f2r	1	f2r-l1-r001	1:1	low-medium	7	5	100	21.3840274765531	21.239637567217926	21.31760811825889	0.1443899093351746	0.06641935829421186	no	no	54
all	EVA	f2r	1	f2r-l1-r002	N:M	low	17	15	100	53.76271144532609	64.07331478696325	63.48872321424976	-10.310603341637162	-9.72601176892367	yes	yes	0
all	EVA	f2r	1	f2r-l1-r003	N:M	low	15	13	100	47.0818245246064	55.76337626043292	55.62035975850579	-8.681551735826524	-8.538535233899395	yes	yes	0
all	EVA	f2r	2	f2r-l2-r001	1:1	medium	8	6	100	22.971992074177056	25.77634489933186	25.469736354143574	-2.8043528251548047	-2.4977442799665184	yes	no	4
all	EVA	f2r	2	f2r-l2-r002	N:1	low	5	3	100	10.841878797391995	12.743782540330756	12.143613319999483	-1.9019037429387602	-1.3017345226074877	yes	no	17
all	EVA	f2r	2	f2r-l2-r003	N:M	low	7	5	100	21.239637567217926	21.239637567217926	21.25696435633811	0	-0.01732678912018315	no	no	0
all	EVA	f2r	3	f2r-l3-r001	1:1	low-medium	7	5	100	18.358492384445963	21.3840274765531	21.090137361902485	-3.0255350921071376	-2.731644977456522	yes	no	0
all	EVA	f2r	3	f2r-l3-r002	N:1	low	5	3	100	10.476746203939467	12.743782540330756	12.423134483399037	-2.267036336391289	-1.9463882794595708	yes	no	0
all	EVA	f2r	3	f2r-l3-r003	1:N	low	3	1	100	2.807354922057604	2.807354922057604	2.807354922057605	0	-8.881784197001252e-16	no	no	0
all	EVA	f2r	3	f2r-l3-r004	1:1	low-medium	3	1	100	4.247927513443585	4.247927513443585	4.247927513443585	0	0	no	no	0
all	EVA	f2r	3	f2r-l3-r005	1:1	low-medium	6	4	100	17.136099963109515	16.99171005377434	16.755575902857803	0.1443899093351746	0.38052406025171237	no	no	64
all	EVA	f2r	4	f2r-l4-r001	1:N	low	7	5	100	18.358492384445963	21.3840274765531	21.260151539701752	-3.0255350921071376	-2.901659155255789	yes	no	0
all	EVA	f2r	4	f2r-l4-r002	N:M	low	19	17	100	67.5761087121654	72.35915763787612	72.32153005278562	-4.78304892571073	-4.745421340620226	yes	yes	0
all	EVA	f2r	5	f2r-l5-r001	N:M	low	9	7	100	28.294920002719117	29.87988250344027	29.7026467379013	-1.5849625007211543	-1.4077267351821838	yes	no	1
all	EVA	f2r	5	f2r-l5-r002	N:M	low	15	13	100	41.84539265000065	55.64308202671521	55.17611297930849	-13.797689376714565	-13.330720329307844	yes	yes	0
all	EVA	f2r	5	f2r-l5-r003	N:M	low	11	9	100	30.527349946767373	38.77166620665858	38.008273286723444	-8.244316259891207	-7.480923339956071	yes	no	2
all	EVA	f2r	6	f2r-l6-r001	N:M	low	10	8	100	23.763409844004357	32.89724960147218	32.4868274427641	-9.133839757467825	-8.723417598759745	yes	yes	0
all	EVA	f2r	6	f2r-l6-r002	N:M	low	7	5	100	19.94345488516712	21.239637567217926	20.89708732864889	-1.2961826820508051	-0.9536324434817693	yes	no	7
all	EVA	f2r	6	f2r-l6-r003	N:M	low	19	17	100	72.21476772854095	72.21476772854095	72.268191994995	0	-0.0534242664540443	no	no	0
all	EVA	f2r	7	f2r-l7-r001	N:M	low	14	12	100	44.4214220259518	51.250764603936446	51.0487368550961	-6.829342577984647	-6.627314829144304	yes	yes	0
all	EVA	f2r	7	f2r-l7-r002	N:1	low	7	5	100	16.917919793059983	21.3840274765531	21.032481193227387	-4.466107683493117	-4.114561400167403	yes	no	0
all	EVA	f2r	8	f2r-l8-r001	1:1	low-medium	6	4	100	15.55113746238836	16.99171005377434	16.968707463339683	-1.4405725913859815	-1.417570000951324	yes	no	0
all	EVA	f2r	8	f2r-l8-r002	N:M	low	14	12	100	44.0013976740032	51.1195200706582	50.882995676206136	-7.1181223966549965	-6.881598002202935	yes	yes	0
all	EVA	f2r	8	f2r-l8-r003	N:M	low	23	21	100	87.91029510026448	89.35086769165046	89.23690104932133	-1.4405725913859868	-1.3266059490568551	yes	no	6
all	EVA	f2r	9	f2r-l9-r001	1:1	low-medium	6	4	100	15.08980631083558	17.136099963109515	16.651435431375404	-2.046293652273935	-1.5616291205398234	yes	no	10
all	EVA	f2r	9	f2r-l9-r002	N:M	low	20	18	100	72.51449784677185	76.89586496999006	76.32288270494867	-4.381367123218212	-3.8083848581768223	yes	no	1
all	EVA	f2r	9	f2r-l9-r003	N:M	low	7	5	100	18.63412682705939	21.521844697859812	21.19097180088915	-2.8877178708004223	-2.5568449738297616	yes	no	1
all	EVA	f2r	9	f2r-l9-r004	N:M	low	11	9	100	30.997068883812876	37.40328856994019	37.09107108206483	-6.4062196861273115	-6.094002198251953	yes	no	1
all	EVA	f2r	10	f2r-l10-r001	N:M	low	16	14	100	50.23021636449908	59.90415491621572	59.55646086431654	-9.673938551716638	-9.326244499817463	yes	yes	0
all	EVA	f2r	10	f2r-l10-r002	N:M	low	10	8	100	26.279422433323795	34.25905455016211	33.8528118798831	-7.979632116838317	-7.573389446559304	yes	yes	0
all	EVA	f2r	10	f2r-l10-r003	N:M	low	14	12	100	48.51400933049966	51.1195200706582	50.94051928608889	-2.605510740158536	-2.426509955589232	yes	no	1
all	EVA	f2r	10	f2r-l10-r004	1:1	low-medium	5	3	100	7.669391281881862	12.743782540330756	10.82092677956062	-5.074391258448894	-3.1515354976787586	yes	no	0
all	EVA	f2r	11	f2r-l11-r001	N:M	low	9	7	100	28.294920002719117	29.87988250344027	29.41769746830589	-1.5849625007211543	-1.122777465586772	yes	no	10
all	EVA	f2r	11	f2r-l11-r002	N:M	low	12	10	100	40.162544212947665	42.90587217441292	42.352797531222976	-2.743327961465255	-2.1902533182753103	yes	no	7
all	EVA	f2r	11	f2r-l11-r003	1:1	medium	3	1	100	4.247927513443585	4.247927513443585	4.247927513443585	0	0	no	no	0
all	EVA	f2r	11	f2r-l11-r004	N:1	low	12	10	100	42.62366504377103	42.62366504377103	42.53293225602742	0	0.0907327877436046	no	no	30
all	EVA	f2r	11	f2r-l11-r005	1:1	medium	5	3	100	13.163806892279357	12.743782540330756	12.103397889600553	0.42002435194860155	1.0604090026788047	no	no	55
all	EVA	f2r	12	f2r-l12-r001	1:1	low-medium	4	2	100	4.158429362604482	4.158429362604482	6.240393681460168	0	-2.081964318855686	no	no	0
all	EVA	f2r	12	f2r-l12-r002	N:M	low	12	10	100	37.98500602739548	42.7680549531062	42.172375559704044	-4.783048925710723	-4.187369532308566	yes	yes	0
all	EVA	f2r	12	f2r-l12-r003	N:M	low	14	12	100	48.23837488788624	51.1195200706582	50.98918073029225	-2.8811451827719594	-2.7508058424060096	yes	yes	0
all	EVA	f2r	12	f2r-l12-r004	N:M	low	13	11	100	40.503581130782734	47.01598246654979	46.559568408756355	-6.512401335767052	-6.055987277973621	yes	yes	0
all	EVA	f2r	13	f2r-l13-r001	N:M	low	23	21	100	86.42841570927433	89.63964751032081	89.22267011458261	-3.2112318010464804	-2.79425440530828	yes	no	3
all	EVA	f2v	1	f2v-l1-r001	1:1	low-medium	6	4	100	16.99171005377434	16.99171005377434	16.99171005377434	0	0	no	no	0
all	EVA	f2v	1	f2v-l1-r002	N:M	low	24	22	100	87.80834341600287	93.95319729040352	93.56015474443802	-6.144853874400653	-5.751811328435153	yes	yes	0
all	EVA	f2v	1	f2v-l1-r003	N:M	low	8	6	100	22.750809807224723	25.631954989996686	25.306766682587316	-2.881145182771963	-2.555956875362593	yes	no	4
all	EVA	f2v	2	f2v-l2-r001	N:M	low	11	9	100	35.17765110533787	38.651371972940865	37.91887693291378	-3.4737208676029923	-2.74122582757591	yes	no	6
all	EVA	f2v	2	f2v-l2-r002	N:M	low	20	18	100	70.8034879861716	76.89586496999006	76.58328009901501	-6.092376983818454	-5.77979211284341	yes	yes	0
all	EVA	f2v	2	f2v-l2-r003	N:M	low	9	7	100	23.36748116767322	29.87988250344027	29.37304101050339	-6.512401335767052	-6.00555984283017	yes	no	0
all	EVA	f2v	3	f2v-l3-r001	1:1	medium	5	3	100	9.862637357558793	12.88817244966593	12.112852783690505	-3.0255350921071376	-2.250215426131712	yes	no	0
all	EVA	f2v	3	f2v-l3-r002	N:M	low	24	22	100	93.74318511442922	93.8875750237644	93.6409350333669	-0.1443899093351746	0.1022500810623228	yes	no	27
all	EVA	f2v	3	f2v-l3-r003	N:M	low	11	9	100	22.050915533430103	38.627276297323405	38.24562687963277	-16.5763607638933	-16.19471134620267	yes	yes	0
all	EVA	f2v	4	f2v-l4-r001	N:M	low	21	19	100	66.70445571282795	81.57414323724448	81.11305487686128	-14.869687524416534	-14.408599164033333	yes	yes	0
all	EVA	f2v	5	f2v-l5-r001	1:1	medium	5	3	100	10.621136113274641	12.743782540330756	12.565101374564506	-2.1226464270561145	-1.9439652612898648	yes	no	0
all	EVA	f2v	5	f2v-l5-r002	N:M	low	16	14	100	49.43041080917905	60.041972137522436	59.68000433556159	-10.611561328343385	-10.24959352638254	yes	yes	0
all	EVA	f2v	5	f2v-l5-r003	N:M	low	7	5	100	20.507869146450897	21.3840274765531	21.04045564495164	-0.8761583301022036	-0.5325864985007414	yes	no	21
all	EVA	f2v	5	f2v-l5-r004	N:M	low	9	7	100	23.511871077008397	29.87988250344027	29.58890301143685	-6.368011426431874	-6.0770319344284545	yes	yes	0
all	EVA	f2v	6	f2v-l6-r001	N:M	low	19	17	100	72.64793745654647	72.35915763787612	72.3375324164955	0.2887798186703492	0.31040504005096636	no	no	92
all	EVA	f2v	6	f2v-l6-r002	1:1	medium	3	1	100	2.807354922057604	2.807354922057604	2.807354922057605	0	-8.881784197001252e-16	no	no	0
all	EVA	f2v	6	f2v-l6-r003	N:M	low	19	17	100	69.01668130355138	72.35915763787612	72.33762178632672	-3.3424763343247434	-3.3209404827753417	yes	yes	0
all	EVA	f2v	7	f2v-l7-r001	N:M	low	13	11	100	35.85177673835027	47.01598246654979	46.70216973725579	-11.16420572819952	-10.85039299890552	yes	yes	0
all	EVA	f2v	7	f2v-l7-r002	1:1	medium	7	5	100	21.239637567217926	21.239637567217926	21.133905736569194	0	0.10573183064873248	no	no	14
all	EVA	f2v	7	f2v-l7-r003	N:M	low	15	13	100	51.12385249145423	55.53487689505455	55.06043246938666	-4.411024403600322	-3.936579977932432	yes	yes	0
all	EVA	f2v	7	f2v-l7-r004	1:1	medium	7	5	100	16.917919793059983	21.239637567217926	20.69973886313491	-4.321717774157943	-3.7818190700749277	yes	no	0
all	EVA	f2v	8	f2v-l8-r001	N:M	low	22	20	100	66.6141619947353	85.3868365281777	85.4169493572635	-18.772674533442398	-18.802787362528207	yes	yes	0
all	EVA	f2v	8	f2v-l8-r002	1:1	medium	6	4	100	16.99171005377434	16.99171005377434	16.510711827341847	0	0.4809982264324937	no	no	38
medium	ATOMS	f2r	2	f2r-l2-r001	1:1	medium	16	14	100	56	56	56	0	0	no	no	0
medium	ATOMS	f2r	11	f2r-l11-r003	1:1	medium	8	6	100	15.509775004326936	24.169925001442312	23.55527850233653	-8.660149997115376	-8.045503498009595	yes	no	0
medium	ATOMS	f2r	11	f2r-l11-r005	1:1	medium	4	2	100	8	8	8	0	0	no	no	0
medium	ATOMS	f2v	3	f2v-l3-r001	1:1	medium	10	8	100	24.15542543174719	30.984603311482118	30.84269271426707	-6.829177879734928	-6.68726728251988	yes	yes	0
medium	ATOMS	f2v	5	f2v-l5-r001	1:1	medium	11	9	100	24.459431618637296	36.339850002884624	35.99541029183228	-11.880418384247328	-11.535978673194982	yes	yes	0
medium	ATOMS	f2v	6	f2v-l6-r002	1:1	medium	10	8	100	21.40053792958373	31.085776551049463	30.668084852418918	-9.685238621465732	-9.267546922835187	yes	yes	0
medium	ATOMS	f2v	7	f2v-l7-r002	1:1	medium	13	11	100	45.25871324015921	44.629356620079605	44.62633473095905	0.629356620079605	0.6323785092001586	no	no	95
medium	ATOMS	f2v	7	f2v-l7-r004	1:1	medium	10	8	100	28.18784690943957	32.67073905177062	32.07089980922859	-4.482892142331046	-3.8830528997890212	yes	no	5
medium	ATOMS	f2v	8	f2v-l8-r002	1:1	medium	12	10	100	33.50977500432693	39.228818690495885	38.99175476288813	-5.719043686168952	-5.481979758561195	yes	no	1
medium	EVA	f2r	2	f2r-l2-r001	1:1	medium	8	6	100	25.48756508066151	25.48756508066151	25.48756508066158	0	-6.750155989720952e-14	no	no	0
medium	EVA	f2r	11	f2r-l11-r003	1:1	medium	3	1	100	4.247927513443585	4.247927513443585	4.247927513443585	0	0	no	no	0
medium	EVA	f2r	11	f2r-l11-r005	1:1	medium	5	3	100	13.032562359001105	12.743782540330756	12.465390720055794	0.2887798186703492	0.567171638945311	no	no	69
medium	EVA	f2v	3	f2v-l3-r001	1:1	medium	5	3	100	9.862637357558793	12.743782540330756	12.164832030687958	-2.881145182771963	-2.302194673129165	yes	no	0
medium	EVA	f2v	5	f2v-l5-r001	1:1	medium	5	3	100	10.841878797391995	12.743782540330756	12.394670873365122	-1.9019037429387602	-1.5527920759731266	yes	no	0
medium	EVA	f2v	6	f2v-l6-r002	1:1	medium	3	1	100	4.247927513443585	4.247927513443585	4.247927513443585	0	0	no	no	0
medium	EVA	f2v	7	f2v-l7-r002	1:1	medium	7	5	100	21.239637567217926	21.239637567217926	21.239637567217883	0	4.263256414560601e-14	no	no	0
medium	EVA	f2v	7	f2v-l7-r004	1:1	medium	7	5	100	18.358492384445963	21.3840274765531	21.049774717327935	-3.0255350921071376	-2.691282332881972	yes	no	1
medium	EVA	f2v	8	f2v-l8-r002	1:1	medium	6	4	100	16.99171005377434	16.99171005377434	16.99171005377434	0	0	no	no	0
medium_low_medium	ATOMS	f2r	1	f2r-l1-r001	1:1	low-medium	17	15	100	60	60	60	0	0	no	no	0
medium_low_medium	ATOMS	f2r	2	f2r-l2-r001	1:1	medium	16	14	100	56	56	56	0	0	no	no	0
medium_low_medium	ATOMS	f2r	3	f2r-l3-r001	1:1	low-medium	14	12	100	45.73859369482281	48.49185309632967	47.939400676547045	-2.7532594015068597	-2.2008069817242344	yes	no	5
medium_low_medium	ATOMS	f2r	3	f2r-l3-r004	1:1	low-medium	7	5	100	18.906890595608516	20.32192809488736	19.66352170156749	-1.4150374992788457	-0.7566311059589736	yes	no	29
medium_low_medium	ATOMS	f2r	3	f2r-l3-r005	1:1	low-medium	9	7	100	14.592342031086755	28.36959734627868	27.776075605430133	-13.777255315191926	-13.183733574343378	yes	yes	0
medium_low_medium	ATOMS	f2r	8	f2r-l8-r001	1:1	low-medium	15	13	100	49.32192809488736	52.16992500144231	52.02163374196491	-2.847996906554947	-2.6997056470775505	yes	yes	0
medium_low_medium	ATOMS	f2r	9	f2r-l9-r001	1:1	low-medium	13	11	100	42.04439411935846	44.78135971352466	44.220488337215166	-2.7369655941662003	-2.1760942178567078	yes	no	8
medium_low_medium	ATOMS	f2r	10	f2r-l10-r004	1:1	low-medium	11	9	100	28.0850361038558	36.33088904888599	35.61230486457843	-8.245852945030194	-7.527268760722627	yes	yes	0
medium_low_medium	ATOMS	f2r	11	f2r-l11-r003	1:1	medium	8	6	100	15.228818690495881	24.169925001442312	23.761051858951646	-8.94110631094643	-8.532233168455765	yes	no	0
medium_low_medium	ATOMS	f2r	11	f2r-l11-r005	1:1	medium	4	2	100	8	8	8	0	0	no	no	0
medium_low_medium	ATOMS	f2r	12	f2r-l12-r001	1:1	low-medium	8	6	100	10.95623008973908	22.69961034738322	22.68930214053658	-11.74338025764414	-11.7330720507975	yes	yes	0
medium_low_medium	ATOMS	f2v	1	f2v-l1-r001	1:1	low-medium	10	8	100	25.73286119583347	32.661778097771986	32.376630531234284	-6.928916901938518	-6.643769335400815	yes	yes	0
medium_low_medium	ATOMS	f2v	3	f2v-l3-r001	1:1	medium	10	8	100	21.04295214518455	30.720671786825555	30.34318441529859	-9.677719641641005	-9.30023227011404	yes	no	1
medium_low_medium	ATOMS	f2v	5	f2v-l5-r001	1:1	medium	11	9	100	22.921537371572917	36.01890085660504	35.934639658778686	-13.097363485032126	-13.013102287205768	yes	yes	0
medium_low_medium	ATOMS	f2v	6	f2v-l6-r002	1:1	medium	10	8	100	17.936036941268036	30.627645450928533	29.90348238695167	-12.691608509660497	-11.967445445683634	yes	yes	0
medium_low_medium	ATOMS	f2v	7	f2v-l7-r002	1:1	medium	13	11	100	36.91454207160002	42.74160538249026	42.77983107405985	-5.827063310890246	-5.865289002459832	yes	yes	0
medium_low_medium	ATOMS	f2v	7	f2v-l7-r004	1:1	medium	10	8	100	23.747496261658377	31.795859283219777	31.729561612118285	-8.0483630215614	-7.982065350459909	yes	yes	0
medium_low_medium	ATOMS	f2v	8	f2v-l8-r002	1:1	medium	12	10	100	33.661778097771986	39.49185309632968	39.22134364723543	-5.830074998557691	-5.559565549463443	yes	yes	0
medium_low_medium	EVA	f2r	1	f2r-l1-r001	1:1	low-medium	7	5	100	21.239637567217926	21.239637567217926	21.288730136391845	0	-0.04909256917391858	no	no	0
medium_low_medium	EVA	f2r	2	f2r-l2-r001	1:1	medium	8	6	100	25.48756508066151	25.48756508066151	25.48756508066158	0	-6.750155989720952e-14	no	no	0
medium_low_medium	EVA	f2r	3	f2r-l3-r001	1:1	low-medium	7	5	100	18.358492384445963	21.239637567217926	20.960319503579452	-2.881145182771963	-2.601827119133489	yes	no	0
medium_low_medium	EVA	f2r	3	f2r-l3-r004	1:1	low-medium	3	1	100	4.247927513443585	4.247927513443585	4.247927513443585	0	0	no	no	0
medium_low_medium	EVA	f2r	3	f2r-l3-r005	1:1	low-medium	6	4	100	17.136099963109515	16.99171005377434	16.674883878728398	0.1443899093351746	0.4612160843811175	no	no	70
medium_low_medium	EVA	f2r	8	f2r-l8-r001	1:1	low-medium	6	4	100	15.55113746238836	16.99171005377434	16.85634945421551	-1.4405725913859815	-1.3052119918271519	yes	no	0
medium_low_medium	EVA	f2r	9	f2r-l9-r001	1:1	low-medium	6	4	100	15.695527371723534	17.136099963109515	16.786163903975456	-1.4405725913859815	-1.0906365322519225	yes	no	8
medium_low_medium	EVA	f2r	10	f2r-l10-r004	1:1	low-medium	5	3	100	7.669391281881862	12.743782540330756	11.278348808159581	-5.074391258448894	-3.6089575262777194	yes	no	0
medium_low_medium	EVA	f2r	11	f2r-l11-r003	1:1	medium	3	1	100	4.247927513443585	4.247927513443585	4.247927513443585	0	0	no	no	0
medium_low_medium	EVA	f2r	11	f2r-l11-r005	1:1	medium	5	3	100	13.163806892279357	13.163806892279357	12.097888432877353	0	1.0659184594020044	no	no	48
medium_low_medium	EVA	f2r	12	f2r-l12-r001	1:1	low-medium	4	2	100	4.158429362604482	4.158429362604482	6.283767938102995	0	-2.125338575498513	no	no	0
medium_low_medium	EVA	f2v	1	f2v-l1-r001	1:1	low-medium	6	4	100	16.99171005377434	16.99171005377434	16.99171005377434	0	0	no	no	0
medium_low_medium	EVA	f2v	3	f2v-l3-r001	1:1	medium	5	3	100	9.862637357558793	12.88817244966593	12.341802310478002	-3.0255350921071376	-2.4791649529192092	yes	no	0
medium_low_medium	EVA	f2v	5	f2v-l5-r001	1:1	medium	5	3	100	10.621136113274641	12.743782540330756	12.536075559993254	-2.1226464270561145	-1.9149394467186127	yes	no	0
medium_low_medium	EVA	f2v	6	f2v-l6-r002	1:1	medium	3	1	100	2.807354922057604	2.807354922057604	2.807354922057605	0	-8.881784197001252e-16	no	no	0
medium_low_medium	EVA	f2v	7	f2v-l7-r002	1:1	medium	7	5	100	21.239637567217926	21.239637567217926	21.239637567217883	0	4.263256414560601e-14	no	no	0
medium_low_medium	EVA	f2v	7	f2v-l7-r004	1:1	medium	7	5	100	18.358492384445963	21.239637567217926	20.882615072695707	-2.881145182771963	-2.5241226882497436	yes	no	3
medium_low_medium	EVA	f2v	8	f2v-l8-r002	1:1	medium	6	4	100	16.99171005377434	16.99171005377434	16.56692409692359	0	0.4247859568507515	no	no	35
one_to_one	ATOMS	f2r	1	f2r-l1-r001	1:1	low-medium	17	15	100	60	60	60	0	0	no	no	0
one_to_one	ATOMS	f2r	2	f2r-l2-r001	1:1	medium	16	14	100	56	56	56	0	0	no	no	0
one_to_one	ATOMS	f2r	3	f2r-l3-r001	1:1	low-medium	14	12	100	45.73859369482281	48.41585154960715	47.96018280490097	-2.6772578547843366	-2.221589110078156	yes	no	6
one_to_one	ATOMS	f2r	3	f2r-l3-r004	1:1	low-medium	7	5	100	18.906890595608516	20.339850002884624	19.696561763436385	-1.4329594072761083	-0.7896711678278692	yes	no	21
one_to_one	ATOMS	f2r	3	f2r-l3-r005	1:1	low-medium	9	7	100	14.592342031086755	28.43968617530281	27.778444458950773	-13.847344144216056	-13.186102427864018	yes	yes	0
one_to_one	ATOMS	f2r	8	f2r-l8-r001	1:1	low-medium	15	13	100	49.32192809488736	52.16992500144231	51.796661494720084	-2.847996906554947	-2.474733399832722	yes	no	3
one_to_one	ATOMS	f2r	9	f2r-l9-r001	1:1	low-medium	13	11	100	42.04439411935846	44.935073976120776	44.341018090994204	-2.8906798567623184	-2.2966239716357464	yes	no	7
one_to_one	ATOMS	f2r	10	f2r-l10-r004	1:1	low-medium	11	9	100	28.0850361038558	35.72320647166475	35.49135213354583	-7.638170367808954	-7.406316029690032	yes	yes	0
one_to_one	ATOMS	f2r	11	f2r-l11-r003	1:1	medium	8	6	100	15.228818690495881	24.330889048885993	23.768291138833025	-9.102070358390112	-8.539472448337143	yes	yes	0
one_to_one	ATOMS	f2r	11	f2r-l11-r005	1:1	medium	4	2	100	8	8	8	0	0	no	no	0
one_to_one	ATOMS	f2r	12	f2r-l12-r001	1:1	low-medium	8	6	100	10.95623008973908	22.459431618637296	22.18040347958278	-11.503201528898217	-11.224173389843699	yes	no	0
one_to_one	ATOMS	f2v	1	f2v-l1-r001	1:1	low-medium	10	8	100	25.73286119583347	32.629356620079605	32.38213500753112	-6.896495424246137	-6.64927381169765	yes	yes	0
one_to_one	ATOMS	f2v	3	f2v-l3-r001	1:1	medium	10	8	100	21.04295214518455	30.976797437827088	30.539717641201797	-9.933845292642538	-9.496765496017247	yes	no	1
one_to_one	ATOMS	f2v	5	f2v-l5-r001	1:1	medium	11	9	100	22.921537371572917	36.30242115296699	36.026334889251665	-13.380883781394076	-13.104797517678747	yes	yes	0
one_to_one	ATOMS	f2v	6	f2v-l6-r002	1:1	medium	10	8	100	17.936036941268036	30.666053249453952	30.102580019915035	-12.730016308185917	-12.166543078646999	yes	yes	0
one_to_one	ATOMS	f2v	7	f2v-l7-r002	1:1	medium	13	11	100	36.91454207160002	42.71814485879652	42.80537184501684	-5.803602787196503	-5.890829773416826	yes	yes	0
one_to_one	ATOMS	f2v	7	f2v-l7-r004	1:1	medium	10	8	100	23.747496261658377	32.24708162850844	32.000017059518555	-8.499585366850063	-8.252520797860178	yes	yes	0
one_to_one	ATOMS	f2v	8	f2v-l8-r002	1:1	medium	12	10	100	33.661778097771986	39.47474523866072	39.24777502724817	-5.8129671408887305	-5.585996929476181	yes	yes	0
one_to_one	EVA	f2r	1	f2r-l1-r001	1:1	low-medium	7	5	100	21.239637567217926	21.239637567217926	21.27573504455168	0	-0.03609747733375457	no	no	0
one_to_one	EVA	f2r	2	f2r-l2-r001	1:1	medium	8	6	100	25.48756508066151	25.48756508066151	25.48756508066158	0	-6.750155989720952e-14	no	no	0
one_to_one	EVA	f2r	3	f2r-l3-r001	1:1	low-medium	7	5	100	18.358492384445963	21.239637567217926	21.029493599981702	-2.881145182771963	-2.671001215535739	yes	no	0
one_to_one	EVA	f2r	3	f2r-l3-r004	1:1	low-medium	3	1	100	4.247927513443585	4.247927513443585	4.247927513443585	0	0	no	no	0
one_to_one	EVA	f2r	3	f2r-l3-r005	1:1	low-medium	6	4	100	17.136099963109515	16.99171005377434	16.79446138331933	0.1443899093351746	0.3416385797901853	no	no	67
one_to_one	EVA	f2r	8	f2r-l8-r001	1:1	low-medium	6	4	100	15.55113746238836	16.99171005377434	16.92407965152441	-1.4405725913859815	-1.3729421891360492	yes	no	0
one_to_one	EVA	f2r	9	f2r-l9-r001	1:1	low-medium	6	4	100	15.695527371723534	17.136099963109515	16.763094783501483	-1.4405725913859815	-1.067567411777949	yes	no	5
one_to_one	EVA	f2r	10	f2r-l10-r004	1:1	low-medium	5	3	100	7.669391281881862	12.743782540330756	10.828845353087244	-5.074391258448894	-3.1594540712053822	yes	no	0
one_to_one	EVA	f2r	11	f2r-l11-r003	1:1	medium	3	1	100	4.247927513443585	4.247927513443585	4.247927513443585	0	0	no	no	0
one_to_one	EVA	f2r	11	f2r-l11-r005	1:1	medium	5	3	100	13.163806892279357	13.163806892279357	12.451765872919273	0	0.7120410193600843	no	no	46
one_to_one	EVA	f2r	12	f2r-l12-r001	1:1	low-medium	4	2	100	4.158429362604482	4.158429362604482	5.893399628317552	0	-1.73497026571307	no	no	0
one_to_one	EVA	f2v	1	f2v-l1-r001	1:1	low-medium	6	4	100	16.99171005377434	16.99171005377434	16.99171005377434	0	0	no	no	0
one_to_one	EVA	f2v	3	f2v-l3-r001	1:1	medium	5	3	100	9.862637357558793	12.88817244966593	12.16929469577373	-3.0255350921071376	-2.3066573382149365	yes	no	0
one_to_one	EVA	f2v	5	f2v-l5-r001	1:1	medium	5	3	100	10.621136113274641	12.743782540330756	12.369414551536602	-2.1226464270561145	-1.748278438261961	yes	no	0
one_to_one	EVA	f2v	6	f2v-l6-r002	1:1	medium	3	1	100	2.807354922057604	2.807354922057604	2.807354922057605	0	-8.881784197001252e-16	no	no	0
one_to_one	EVA	f2v	7	f2v-l7-r002	1:1	medium	7	5	100	21.239637567217926	21.239637567217926	21.239637567217883	0	4.263256414560601e-14	no	no	0
one_to_one	EVA	f2v	7	f2v-l7-r004	1:1	medium	7	5	100	18.358492384445963	21.239637567217926	20.865354813614807	-2.881145182771963	-2.5068624291688444	yes	no	3
one_to_one	EVA	f2v	8	f2v-l8-r002	1:1	medium	6	4	100	16.99171005377434	16.99171005377434	16.59281448554495	0	0.398895568229392	no	no	32
exclude_unresolved_eva_lines	ATOMS	f2r	1	f2r-l1-r001	1:1	low-medium	17	15	100	49.24688780476242	60.50977500432693	60.274818366790676	-11.26288719956451	-11.027930562028253	yes	yes	0
exclude_unresolved_eva_lines	ATOMS	f2r	1	f2r-l1-r002	N:M	low	36	34	100	118.15525929475828	136.69541702548628	136.39793798741178	-18.540157730727998	-18.2426786926535	yes	yes	0
exclude_unresolved_eva_lines	ATOMS	f2r	1	f2r-l1-r003	N:M	low	33	31	100	109.9285763486064	124.21372474562493	124.14644798745947	-14.285148397018531	-14.217871638853069	yes	yes	0
exclude_unresolved_eva_lines	ATOMS	f2r	5	f2r-l5-r001	N:M	low	17	15	100	53.72067178682556	60.697211263131805	60.16414102601438	-6.976539476306243	-6.443469239188815	yes	no	1
exclude_unresolved_eva_lines	ATOMS	f2r	5	f2r-l5-r002	N:M	low	28	26	100	104	104	104	0	0	no	no	0
exclude_unresolved_eva_lines	ATOMS	f2r	5	f2r-l5-r003	N:M	low	24	22	100	87.58659060137776	88.91666559993544	88.41827217254344	-1.3300749985576772	-0.8316815711656744	yes	no	24
exclude_unresolved_eva_lines	ATOMS	f2r	6	f2r-l6-r001	N:M	low	21	19	100	66.67970000576923	76.52382516033583	75.95897371227488	-9.844125154566598	-9.279273706505649	yes	yes	0
exclude_unresolved_eva_lines	ATOMS	f2r	6	f2r-l6-r002	N:M	low	17	15	100	54.024348177156696	60.509775004326926	60.2156596791663	-6.48542682717023	-6.191311502009604	yes	yes	0
exclude_unresolved_eva_lines	ATOMS	f2r	6	f2r-l6-r003	N:M	low	40	38	100	102.77511442978977	151.22825795152824	151.49335886664707	-48.45314352173847	-48.718244436857304	yes	yes	0
exclude_unresolved_eva_lines	ATOMS	f2r	7	f2r-l7-r001	N:M	low	28	26	100	104	104	104	0	0	no	no	0
exclude_unresolved_eva_lines	ATOMS	f2r	7	f2r-l7-r002	N:1	low	14	12	100	26.32406383923135	47.87158216960531	47.69524729606942	-21.54751833037396	-21.371183456838068	yes	yes	0
exclude_unresolved_eva_lines	ATOMS	f2r	8	f2r-l8-r001	1:1	low-medium	15	13	100	45.18832391226782	52.661778097771986	52.16235850437043	-7.473454185504167	-6.974034592102612	yes	yes	0
exclude_unresolved_eva_lines	ATOMS	f2r	8	f2r-l8-r002	N:M	low	40	38	100	107.19768013069658	154.87205177162465	154.73720593016827	-47.67437164092807	-47.53952579947169	yes	yes	0
exclude_unresolved_eva_lines	ATOMS	f2r	8	f2r-l8-r003	N:M	low	46	44	100	140.1749960689374	176.07311336654524	175.93228626356517	-35.898117297607854	-35.757290194627785	yes	yes	0
exclude_unresolved_eva_lines	ATOMS	f2r	9	f2r-l9-r001	1:1	low-medium	13	11	100	42.2814333166593	44.56956581220327	44.13323804869199	-2.2881324955439695	-1.85180473203269	yes	no	11
exclude_unresolved_eva_lines	ATOMS	f2r	9	f2r-l9-r002	N:M	low	45	43	100	172	172	172	0	0	no	no	0
exclude_unresolved_eva_lines	ATOMS	f2r	9	f2r-l9-r003	N:M	low	14	12	100	37.04439411935845	48.15065656093607	47.91266248540043	-11.10626244157762	-10.868268366041981	yes	yes	0
exclude_unresolved_eva_lines	ATOMS	f2r	9	f2r-l9-r004	N:M	low	30	28	100	92.4934811969863	111.93540155826099	111.74019087259714	-19.441920361274697	-19.246709675610845	yes	yes	0
exclude_unresolved_eva_lines	ATOMS	f2r	10	f2r-l10-r001	N:M	low	26	24	100	72.55499838998526	97.01263587543501	96.79140105407083	-24.45763748544975	-24.236402664085574	yes	yes	0
exclude_unresolved_eva_lines	ATOMS	f2r	10	f2r-l10-r002	N:M	low	20	18	100	54.3399972091539	73.18478920777952	72.79891034698245	-18.844791998625617	-18.458913137828553	yes	yes	0
exclude_unresolved_eva_lines	ATOMS	f2r	10	f2r-l10-r003	N:M	low	23	21	100	68.24045077882982	83.09445884471111	83.1966773533545	-14.854008065881288	-14.956226574524678	yes	yes	0
exclude_unresolved_eva_lines	ATOMS	f2r	10	f2r-l10-r004	1:1	low-medium	11	9	100	28.0850361038558	36.339850002884624	36.00750692136645	-8.254813899028825	-7.92247081751065	yes	yes	0
exclude_unresolved_eva_lines	ATOMS	f2r	11	f2r-l11-r001	N:M	low	18	16	100	44.753457238129045	63.57243791676769	63.4336946111766	-18.818980678638646	-18.680237373047554	yes	yes	0
exclude_unresolved_eva_lines	ATOMS	f2r	11	f2r-l11-r002	N:M	low	25	23	100	92	92	92	0	0	no	no	0
exclude_unresolved_eva_lines	ATOMS	f2r	11	f2r-l11-r003	1:1	medium	8	6	100	14.795859283219775	24.169925001442312	23.697014572557038	-9.374065718222537	-8.901155289337263	yes	yes	0
exclude_unresolved_eva_lines	ATOMS	f2r	11	f2r-l11-r004	N:1	low	12	10	100	37.822001698022	40.339850002884624	39.68464172053851	-2.517848304862625	-1.8626400225165085	yes	no	12
exclude_unresolved_eva_lines	ATOMS	f2r	11	f2r-l11-r005	1:1	medium	4	2	100	8	8	8	0	0	no	no	0
exclude_unresolved_eva_lines	ATOMS	f2r	12	f2r-l12-r001	1:1	low-medium	8	6	100	10.95623008973908	22.69961034738322	22.58344811399809	-11.74338025764414	-11.627218024259012	yes	no	0
exclude_unresolved_eva_lines	ATOMS	f2r	12	f2r-l12-r002	N:M	low	24	22	100	79.28771237954945	87.72067178682555	87.28617129738448	-8.432959407276101	-7.998458917835038	yes	yes	0
exclude_unresolved_eva_lines	ATOMS	f2r	12	f2r-l12-r003	N:M	low	28	26	100	104	104	104	0	0	no	no	0
exclude_unresolved_eva_lines	ATOMS	f2r	12	f2r-l12-r004	N:M	low	29	27	100	108	108	108	0	0	no	no	0
exclude_unresolved_eva_lines	ATOMS	f2r	13	f2r-l13-r001	N:M	low	43	41	100	108.12580636390281	159.09033602152783	158.6474094989828	-50.96452965762502	-50.521603135079985	yes	yes	0
exclude_unresolved_eva_lines	ATOMS	f2v	1	f2v-l1-r001	1:1	low-medium	10	8	100	25.73286119583347	32.459431618637296	31.886294137520654	-6.726570422803828	-6.153432941687186	yes	yes	0
exclude_unresolved_eva_lines	ATOMS	f2v	1	f2v-l1-r002	N:M	low	48	46	100	184	184	184	0	0	no	no	0
exclude_unresolved_eva_lines	ATOMS	f2v	1	f2v-l1-r003	N:M	low	19	17	100	59.831703099214295	68.66177809777199	68.25933877192497	-8.830074998557691	-8.427635672710679	yes	yes	0
exclude_unresolved_eva_lines	ATOMS	f2v	2	f2v-l2-r001	N:M	low	29	27	100	108	108	108	0	0	no	no	0
exclude_unresolved_eva_lines	ATOMS	f2v	2	f2v-l2-r002	N:M	low	31	29	100	70.32682858531123	115.69440850731121	115.81585765100907	-45.367579921999976	-45.489029065697835	yes	yes	0
exclude_unresolved_eva_lines	ATOMS	f2v	2	f2v-l2-r003	N:M	low	16	14	100	56	56	56	0	0	no	no	0
exclude_unresolved_eva_lines	ATOMS	f2v	3	f2v-l3-r001	1:1	medium	10	8	100	21.71691965196445	31.22755522648136	30.77194037080517	-9.510635574516911	-9.05502071884072	yes	yes	0
exclude_unresolved_eva_lines	ATOMS	f2v	3	f2v-l3-r002	N:M	low	43	41	100	119.9274089028851	163.6855862291286	163.1238936033751	-43.7581773262435	-43.196484700490004	yes	yes	0
exclude_unresolved_eva_lines	ATOMS	f2v	3	f2v-l3-r003	N:M	low	22	20	100	44.91778344781252	81.41221342206804	80.82727971751048	-36.49442997425552	-35.90949626969796	yes	yes	0
exclude_unresolved_eva_lines	ATOMS	f2v	4	f2v-l4-r001	N:M	low	33	31	100	101.50151653067488	124.35272485641693	123.94099156503613	-22.85120832574205	-22.43947503436125	yes	yes	0
exclude_unresolved_eva_lines	ATOMS	f2v	6	f2v-l6-r001	N:M	low	39	37	100	148	148	148	0	0	no	no	0
exclude_unresolved_eva_lines	ATOMS	f2v	6	f2v-l6-r002	1:1	medium	10	8	100	17.873038853881727	30.58280191788387	29.864652905923666	-12.709763064002143	-11.991614052041939	yes	yes	0
exclude_unresolved_eva_lines	ATOMS	f2v	6	f2v-l6-r003	N:M	low	29	27	100	108	108	108	0	0	no	no	0
exclude_unresolved_eva_lines	ATOMS	f2v	7	f2v-l7-r001	N:M	low	23	21	100	68.5446041719892	84.672828782122	84.14321702651415	-16.12822461013279	-15.598612854524944	yes	yes	0
exclude_unresolved_eva_lines	ATOMS	f2v	7	f2v-l7-r002	1:1	medium	13	11	100	37.0076514759915	43.35907242939825	43.0045596435831	-6.351420953406752	-5.996908167591599	yes	yes	0
exclude_unresolved_eva_lines	ATOMS	f2v	7	f2v-l7-r003	N:M	low	27	25	100	100	100	100	0	0	no	no	0
exclude_unresolved_eva_lines	ATOMS	f2v	7	f2v-l7-r004	1:1	medium	10	8	100	24.394991557077084	32.50806383517586	32.192032574231746	-8.113072278098777	-7.797041017154662	yes	yes	0
exclude_unresolved_eva_lines	ATOMS	f2v	8	f2v-l8-r001	N:M	low	35	33	100	111.71919089243825	133.18893651568385	132.65913669316672	-21.4697456232456	-20.939945800728466	yes	yes	0
exclude_unresolved_eva_lines	ATOMS	f2v	8	f2v-l8-r002	1:1	medium	12	10	100	34.831703099214295	39.36632221424581	39.22244140181401	-4.534619115031518	-4.390738302599715	yes	no	1
exclude_unresolved_eva_lines	EVA	f2r	1	f2r-l1-r001	1:1	low-medium	7	5	100	21.239637567217926	21.239637567217926	21.239637567217883	0	4.263256414560601e-14	no	no	0
exclude_unresolved_eva_lines	EVA	f2r	1	f2r-l1-r002	N:M	low	17	15	100	53.76271144532609	64.13893705360238	63.723191810141174	-10.376225608276286	-9.960480364815083	yes	yes	0
exclude_unresolved_eva_lines	EVA	f2r	1	f2r-l1-r003	N:M	low	15	13	100	47.0818245246064	55.51183749343696	55.14838699534882	-8.43001296883056	-8.066562470742426	yes	yes	0
exclude_unresolved_eva_lines	EVA	f2r	5	f2r-l5-r001	N:M	low	9	7	100	28.294920002719117	29.87988250344027	29.683055668422735	-1.5849625007211543	-1.3881356657036186	yes	no	2
exclude_unresolved_eva_lines	EVA	f2r	5	f2r-l5-r002	N:M	low	15	13	100	41.84539265000065	55.65622740277213	55.26378201629632	-13.810834752771484	-13.41838936629567	yes	yes	0
exclude_unresolved_eva_lines	EVA	f2r	5	f2r-l5-r003	N:M	low	11	9	100	34.1387603164444	38.520127439662616	38.23040401766966	-4.381367123218219	-4.091643701225266	yes	no	0
exclude_unresolved_eva_lines	EVA	f2r	6	f2r-l6-r001	N:M	low	10	8	100	27.009687620228853	33.98342010754868	33.122121540470424	-6.973732487319829	-6.112433920241571	yes	yes	0
exclude_unresolved_eva_lines	EVA	f2r	6	f2r-l6-r002	N:M	low	7	5	100	19.94345488516712	21.239637567217926	21.054039884568677	-1.2961826820508051	-1.1105849994015564	yes	no	6
exclude_unresolved_eva_lines	EVA	f2r	6	f2r-l6-r003	N:M	low	19	17	100	72.21476772854095	72.21476772854095	72.25808470134155	0	-0.04331697280059643	no	no	0
exclude_unresolved_eva_lines	EVA	f2r	7	f2r-l7-r001	N:M	low	14	12	100	48.23837488788624	50.97513016132302	50.98832484328116	-2.736755273436785	-2.749949955394925	yes	yes	0
exclude_unresolved_eva_lines	EVA	f2r	7	f2r-l7-r002	N:1	low	7	5	100	18.358492384445963	21.239637567217926	21.0352691963551	-2.881145182771963	-2.6767768119091357	yes	no	0
exclude_unresolved_eva_lines	EVA	f2r	8	f2r-l8-r001	1:1	low-medium	6	4	100	15.55113746238836	16.99171005377434	16.9226024874114	-1.4405725913859815	-1.3714650250230402	yes	no	0
exclude_unresolved_eva_lines	EVA	f2r	8	f2r-l8-r002	N:M	low	14	12	100	48.09398497855106	51.1195200706582	50.842890215088545	-3.025535092107134	-2.7489052365374818	yes	yes	0
exclude_unresolved_eva_lines	EVA	f2r	8	f2r-l8-r003	N:M	low	23	21	100	87.91029510026448	89.35086769165046	89.2890232595335	-1.4405725913859868	-1.3787281592690164	yes	no	5
exclude_unresolved_eva_lines	EVA	f2r	9	f2r-l9-r001	1:1	low-medium	6	4	100	15.08980631083558	17.136099963109515	16.464819219876343	-2.046293652273935	-1.3750129090407626	yes	no	13
exclude_unresolved_eva_lines	EVA	f2r	9	f2r-l9-r002	N:M	low	20	18	100	76.46269524198453	76.60708515131971	76.35651200946964	-0.1443899093351746	0.10618323251489414	yes	no	15
exclude_unresolved_eva_lines	EVA	f2r	9	f2r-l9-r003	N:M	low	7	5	100	19.799064975831946	21.3840274765531	21.10631223992433	-1.5849625007211543	-1.307247264092382	yes	no	2
exclude_unresolved_eva_lines	EVA	f2r	9	f2r-l9-r004	N:M	low	11	9	100	32.09246666417046	38.50698206360569	37.519864742230126	-6.414515399435231	-5.427398078059667	yes	no	1
exclude_unresolved_eva_lines	EVA	f2r	10	f2r-l10-r001	N:M	low	16	14	100	55.37839788366233	59.75976500688054	59.5477094864564	-4.381367123218212	-4.1693116027940675	yes	no	1
exclude_unresolved_eva_lines	EVA	f2r	10	f2r-l10-r002	N:M	low	10	8	100	29.525700209548283	34.127810016883856	33.99732020189058	-4.602109807335573	-4.471619992342298	yes	yes	0
exclude_unresolved_eva_lines	EVA	f2r	10	f2r-l10-r003	N:M	low	14	12	100	51.26390997999337	50.97513016132302	50.99544454368896	0.2887798186703492	0.26846543630441033	no	no	96
exclude_unresolved_eva_lines	EVA	f2r	10	f2r-l10-r004	1:1	low-medium	5	3	100	7.669391281881862	12.743782540330756	11.199889888231912	-5.074391258448894	-3.53049860635005	yes	no	0
exclude_unresolved_eva_lines	EVA	f2r	11	f2r-l11-r001	N:M	low	9	7	100	28.294920002719117	29.87988250344027	29.654331530290154	-1.5849625007211543	-1.3594115275710372	yes	no	5
exclude_unresolved_eva_lines	EVA	f2r	11	f2r-l11-r002	N:M	low	12	10	100	40.01815430361249	42.7680549531062	42.39237080349429	-2.7499006494937106	-2.374216499881797	yes	no	3
exclude_unresolved_eva_lines	EVA	f2r	11	f2r-l11-r003	1:1	medium	3	1	100	4.247927513443585	4.247927513443585	4.247927513443585	0	0	no	no	0
exclude_unresolved_eva_lines	EVA	f2r	11	f2r-l11-r004	N:1	low	12	10	100	42.47927513443585	42.62366504377103	42.60489435555739	-0.1443899093351746	-0.12561922112153923	yes	no	0
exclude_unresolved_eva_lines	EVA	f2r	11	f2r-l11-r005	1:1	medium	5	3	100	13.163806892279357	12.953794716305056	12.31940493372795	0.21001217597430077	0.8444019585514067	no	no	50
exclude_unresolved_eva_lines	EVA	f2r	12	f2r-l12-r001	1:1	low-medium	4	2	100	4.158429362604482	8.49585502688717	6.5873877346027845	-4.337425664282688	-2.428958371998302	yes	no	0
exclude_unresolved_eva_lines	EVA	f2r	12	f2r-l12-r002	N:M	low	12	10	100	39.13679880011111	42.62366504377103	42.08375414983123	-3.486866243659918	-2.9469553497201204	yes	no	3
exclude_unresolved_eva_lines	EVA	f2r	12	f2r-l12-r003	N:M	low	14	12	100	50.97513016132302	51.1195200706582	51.022911891482316	-0.1443899093351746	-0.047781730159293545	yes	no	4
exclude_unresolved_eva_lines	EVA	f2r	12	f2r-l12-r004	N:M	low	13	11	100	41.79976381283354	46.87159255721461	46.75332125727455	-5.071828744381072	-4.95355744444101	yes	yes	0
exclude_unresolved_eva_lines	EVA	f2r	13	f2r-l13-r001	N:M	low	23	21	100	86.42841570927433	89.49525760098564	88.95555986275407	-3.066841891711306	-2.527144153479739	yes	no	4
exclude_unresolved_eva_lines	EVA	f2v	1	f2v-l1-r001	1:1	low-medium	6	4	100	16.99171005377434	16.99171005377434	16.99171005377434	0	0	no	no	0
exclude_unresolved_eva_lines	EVA	f2v	1	f2v-l1-r002	N:M	low	24	22	100	87.80834341600287	93.8875750237644	93.34555687955748	-6.079231607761528	-5.5372134635546075	yes	yes	0
exclude_unresolved_eva_lines	EVA	f2v	1	f2v-l1-r003	N:M	low	8	6	100	24.04699248927553	25.631954989996686	25.419005719314768	-1.5849625007211543	-1.3720132300392365	yes	no	5
exclude_unresolved_eva_lines	EVA	f2v	2	f2v-l2-r001	N:M	low	11	9	100	38.23134762099227	38.627276297323405	38.50858918037137	-0.39592867633113826	-0.27724155937909956	yes	no	0
exclude_unresolved_eva_lines	EVA	f2v	2	f2v-l2-r002	N:M	low	20	18	100	75.16651255993374	76.60708515131971	76.44153573087915	-1.4405725913859726	-1.275023170945417	yes	no	10
exclude_unresolved_eva_lines	EVA	f2v	2	f2v-l2-r003	N:M	low	9	7	100	23.36748116767322	29.87988250344027	29.617117499150567	-6.512401335767052	-6.2496363314773475	yes	yes	0
exclude_unresolved_eva_lines	EVA	f2v	3	f2v-l3-r001	1:1	medium	5	3	100	9.862637357558793	12.88817244966593	12.116921573449423	-3.0255350921071376	-2.25428421589063	yes	no	0
exclude_unresolved_eva_lines	EVA	f2v	3	f2v-l3-r002	N:M	low	24	22	100	93.74318511442922	93.87442964770749	93.62922072815789	-0.13124453327826302	0.1139643862713342	yes	no	30
exclude_unresolved_eva_lines	EVA	f2v	3	f2v-l3-r003	N:M	low	11	9	100	25.23902841056834	38.520127439662616	38.01942868880925	-13.281099029094275	-12.780400278240908	yes	yes	0
exclude_unresolved_eva_lines	EVA	f2v	4	f2v-l4-r001	N:M	low	21	19	100	66.70445571282795	81.11196839657592	80.70009433876129	-14.407512683747967	-13.995638625933339	yes	yes	0
exclude_unresolved_eva_lines	EVA	f2v	6	f2v-l6-r001	N:M	low	19	17	100	72.64793745654647	72.35915763787612	72.30721053553512	0.2887798186703492	0.3407269210113526	no	no	96
exclude_unresolved_eva_lines	EVA	f2v	6	f2v-l6-r002	1:1	medium	3	1	100	2.807354922057604	2.807354922057604	2.807354922057605	0	-8.881784197001252e-16	no	no	0
exclude_unresolved_eva_lines	EVA	f2v	6	f2v-l6-r003	N:M	low	19	17	100	69.01668130355138	72.35915763787612	72.3360339674404	-3.3424763343247434	-3.3193526638890205	yes	no	1
exclude_unresolved_eva_lines	EVA	f2v	7	f2v-l7-r001	N:M	low	13	11	100	41.94415372216872	46.87159255721461	46.780642593001986	-4.927438835045891	-4.836488870833264	yes	yes	0
exclude_unresolved_eva_lines	EVA	f2v	7	f2v-l7-r002	1:1	medium	7	5	100	21.239637567217926	21.239637567217926	21.239637567217883	0	4.263256414560601e-14	no	no	0
exclude_unresolved_eva_lines	EVA	f2v	7	f2v-l7-r003	N:M	low	15	13	100	51.12385249145423	55.55883923423889	54.93305456019637	-4.434986742784659	-3.809202068742138	yes	no	4
exclude_unresolved_eva_lines	EVA	f2v	7	f2v-l7-r004	1:1	medium	7	5	100	19.799064975831946	21.239637567217926	21.1618998713145	-1.4405725913859797	-1.3628348954825533	yes	no	0
exclude_unresolved_eva_lines	EVA	f2v	8	f2v-l8-r001	N:M	low	22	20	100	66.6141619947353	87.08678826142594	86.34607656537212	-20.47262626669064	-19.731914570636818	yes	yes	0
exclude_unresolved_eva_lines	EVA	f2v	8	f2v-l8-r002	1:1	medium	6	4	100	16.99171005377434	16.99171005377434	16.61588360601892	0	0.37582644775542207	no	no	31
relation_1_to_1	ATOMS	f2r	1	f2r-l1-r001	1:1	low-medium	17	15	100	60	60	60	0	0	no	no	0
relation_1_to_1	ATOMS	f2r	2	f2r-l2-r001	1:1	medium	16	14	100	56	56	56	0	0	no	no	0
relation_1_to_1	ATOMS	f2r	3	f2r-l3-r001	1:1	low-medium	14	12	100	45.73859369482281	48.50977500432694	48.128881736944635	-2.7711813095041293	-2.390288042121824	yes	no	4
relation_1_to_1	ATOMS	f2r	3	f2r-l3-r004	1:1	low-medium	7	5	100	18.906890595608516	20.169925001442312	19.498789571569183	-1.2630344058337961	-0.5918989759606674	yes	no	31
relation_1_to_1	ATOMS	f2r	3	f2r-l3-r005	1:1	low-medium	9	7	100	14.592342031086755	27.562242424221076	27.304266079871653	-12.96990039313432	-12.711924048784898	yes	yes	0
relation_1_to_1	ATOMS	f2r	8	f2r-l8-r001	1:1	low-medium	15	13	100	49.32192809488736	52.32192809488736	52.00053727321669	-3	-2.6786091783293315	yes	no	1
relation_1_to_1	ATOMS	f2r	9	f2r-l9-r001	1:1	low-medium	13	11	100	42.04439411935846	44.78135971352466	44.25283216703499	-2.7369655941662003	-2.2084380476765304	yes	no	8
relation_1_to_1	ATOMS	f2r	10	f2r-l10-r004	1:1	low-medium	11	9	100	28.0850361038558	36.12120971640928	35.82155554649005	-8.036173612553483	-7.736519442634254	yes	yes	0
relation_1_to_1	ATOMS	f2r	11	f2r-l11-r003	1:1	medium	8	6	100	15.228818690495881	24.339850002884624	23.703041986468826	-9.111031312388743	-8.474223295972944	yes	no	0
relation_1_to_1	ATOMS	f2r	11	f2r-l11-r005	1:1	medium	4	2	100	8	8	8	0	0	no	no	0
relation_1_to_1	ATOMS	f2r	12	f2r-l12-r001	1:1	low-medium	8	6	100	10.95623008973908	22.918863237274593	22.837920175041877	-11.962633147535513	-11.881690085302797	yes	yes	0
relation_1_to_1	ATOMS	f2v	1	f2v-l1-r001	1:1	low-medium	10	8	100	25.73286119583347	32.339850002884624	31.932467448923457	-6.606988807051156	-6.199606253089989	yes	yes	0
relation_1_to_1	ATOMS	f2v	3	f2v-l3-r001	1:1	medium	10	8	100	21.04295214518455	31.1983468833687	30.744514135752574	-10.15539473818415	-9.701561990568024	yes	yes	0
relation_1_to_1	ATOMS	f2v	5	f2v-l5-r001	1:1	medium	11	9	100	22.921537371572917	36.02704776027537	35.7267182428517	-13.105510388702456	-12.805180871278786	yes	yes	0
relation_1_to_1	ATOMS	f2v	6	f2v-l6-r002	1:1	medium	10	8	100	17.936036941268036	30.321819711216442	29.924274107711653	-12.385782769948406	-11.988237166443618	yes	yes	0
relation_1_to_1	ATOMS	f2v	7	f2v-l7-r002	1:1	medium	13	11	100	36.91454207160002	42.88635869108775	42.8772077326967	-5.971816619487733	-5.962665661096679	yes	yes	0
relation_1_to_1	ATOMS	f2v	7	f2v-l7-r004	1:1	medium	10	8	100	23.747496261658377	31.851374939414143	31.858430886928936	-8.103878677755766	-8.11093462527056	yes	yes	0
relation_1_to_1	ATOMS	f2v	8	f2v-l8-r002	1:1	medium	12	10	100	33.661778097771986	38.99185309632968	38.81954658317387	-5.330074998557691	-5.157768485401881	yes	no	1
relation_1_to_1	EVA	f2r	1	f2r-l1-r001	1:1	low-medium	7	5	100	21.239637567217926	21.239637567217926	21.284398439111794	0	-0.04476087189386746	no	no	0
relation_1_to_1	EVA	f2r	2	f2r-l2-r001	1:1	medium	8	6	100	25.48756508066151	25.48756508066151	25.48756508066158	0	-6.750155989720952e-14	no	no	0
relation_1_to_1	EVA	f2r	3	f2r-l3-r001	1:1	low-medium	7	5	100	18.358492384445963	21.239637567217926	21.036713095448462	-2.881145182771963	-2.678220711002499	yes	no	0
relation_1_to_1	EVA	f2r	3	f2r-l3-r004	1:1	low-medium	3	1	100	4.247927513443585	4.247927513443585	4.247927513443585	0	0	no	no	0
relation_1_to_1	EVA	f2r	3	f2r-l3-r005	1:1	low-medium	6	4	100	17.136099963109515	16.99171005377434	16.811754907419893	0.1443899093351746	0.3243450556896228	no	no	65
relation_1_to_1	EVA	f2r	8	f2r-l8-r001	1:1	low-medium	6	4	100	15.55113746238836	16.99171005377434	16.903898329237144	-1.4405725913859815	-1.3527608668487847	yes	no	0
relation_1_to_1	EVA	f2r	9	f2r-l9-r001	1:1	low-medium	6	4	100	15.695527371723534	17.136099963109515	16.626157224770665	-1.4405725913859815	-0.9306298530471313	yes	no	13
relation_1_to_1	EVA	f2r	10	f2r-l10-r004	1:1	low-medium	5	3	100	7.669391281881862	12.743782540330756	10.910536744439666	-5.074391258448894	-3.241145462557804	yes	no	0
relation_1_to_1	EVA	f2r	11	f2r-l11-r003	1:1	medium	3	1	100	4.247927513443585	4.247927513443585	4.247927513443585	0	0	no	no	0
relation_1_to_1	EVA	f2r	11	f2r-l11-r005	1:1	medium	5	3	100	13.163806892279357	13.163806892279357	12.36693693496727	0	0.7968699573120865	no	no	49
relation_1_to_1	EVA	f2r	12	f2r-l12-r001	1:1	low-medium	4	2	100	4.158429362604482	8.49585502688717	6.5873877346027845	-4.337425664282688	-2.428958371998302	yes	no	0
relation_1_to_1	EVA	f2v	1	f2v-l1-r001	1:1	low-medium	6	4	100	16.99171005377434	16.99171005377434	16.99171005377434	0	0	no	no	0
relation_1_to_1	EVA	f2v	3	f2v-l3-r001	1:1	medium	5	3	100	9.862637357558793	12.88817244966593	12.039248801267286	-3.0255350921071376	-2.1766114437084934	yes	no	0
relation_1_to_1	EVA	f2v	5	f2v-l5-r001	1:1	medium	5	3	100	10.621136113274641	12.743782540330756	12.470783153479642	-2.1226464270561145	-1.8496470402050011	yes	no	0
relation_1_to_1	EVA	f2v	6	f2v-l6-r002	1:1	medium	3	1	100	2.807354922057604	2.807354922057604	2.807354922057605	0	-8.881784197001252e-16	no	no	0
relation_1_to_1	EVA	f2v	7	f2v-l7-r002	1:1	medium	7	5	100	21.239637567217926	21.239637567217926	21.239637567217883	0	4.263256414560601e-14	no	no	0
relation_1_to_1	EVA	f2v	7	f2v-l7-r004	1:1	medium	7	5	100	18.358492384445963	21.3840274765531	21.026772126893288	-3.0255350921071376	-2.668279742447325	yes	no	2
relation_1_to_1	EVA	f2v	8	f2v-l8-r002	1:1	medium	6	4	100	16.99171005377434	16.99171005377434	16.68072600514111	0	0.31098404863323026	no	no	27
relation_1_to_N	ATOMS	f2r	3	f2r-l3-r003	1:N	low	12	10	100	40	40	40	0	0	no	no	0
relation_1_to_N	ATOMS	f2r	4	f2r-l4-r001	1:N	low	13	11	100	44	44	44	0	0	no	no	0
relation_1_to_N	EVA	f2r	3	f2r-l3-r003	1:N	low	3	1	100	4.247927513443585	4.247927513443585	4.247927513443585	0	0	no	no	0
relation_1_to_N	EVA	f2r	4	f2r-l4-r001	1:N	low	7	5	100	21.239637567217926	21.239637567217926	21.239637567217883	0	4.263256414560601e-14	no	no	0
relation_N_to_1	ATOMS	f2r	2	f2r-l2-r002	N:1	low	15	13	100	50.906890595608516	52.32192809488736	52.21635729223603	-1.4150374992788457	-1.309466696627517	yes	no	2
relation_N_to_1	ATOMS	f2r	3	f2r-l3-r002	N:1	low	13	11	100	44	44	44	0	0	no	no	0
relation_N_to_1	ATOMS	f2r	7	f2r-l7-r002	N:1	low	14	12	100	42.33985000288462	48.33985000288462	48.03714299904754	-6	-5.697292996162922	yes	yes	0
relation_N_to_1	ATOMS	f2r	11	f2r-l11-r004	N:1	low	12	10	100	38.584962500721154	40.16992500144231	39.72449650199036	-1.5849625007211543	-1.1395340012692046	yes	no	6
relation_N_to_1	EVA	f2r	2	f2r-l2-r002	N:1	low	5	3	100	12.743782540330756	12.743782540330756	12.74378254033079	0	-3.375077994860476e-14	no	no	0
relation_N_to_1	EVA	f2r	3	f2r-l3-r002	N:1	low	5	3	100	12.743782540330756	12.743782540330756	12.74378254033079	0	-3.375077994860476e-14	no	no	0
relation_N_to_1	EVA	f2r	7	f2r-l7-r002	N:1	low	7	5	100	21.239637567217926	21.239637567217926	21.239637567217883	0	4.263256414560601e-14	no	no	0
relation_N_to_1	EVA	f2r	11	f2r-l11-r004	N:1	low	12	10	100	42.47927513443585	42.47927513443585	42.47927513443577	0	8.526512829121202e-14	no	no	0
relation_N_to_M	ATOMS	f2r	1	f2r-l1-r002	N:M	low	36	34	100	118.15525929475828	136.3645279766003	136.00794952316426	-18.20926868184202	-17.852690228405976	yes	yes	0
relation_N_to_M	ATOMS	f2r	1	f2r-l1-r003	N:M	low	33	31	100	109.9285763486064	124.60047048072059	124.31211242130736	-14.67189413211419	-14.383536072700963	yes	yes	0
relation_N_to_M	ATOMS	f2r	2	f2r-l2-r003	N:M	low	26	24	100	59.41468523580721	94.87445427416975	94.64912055849412	-35.45976903836254	-35.234435322686906	yes	yes	0
relation_N_to_M	ATOMS	f2r	4	f2r-l4-r002	N:M	low	54	52	100	208	208	208	0	0	no	no	0
relation_N_to_M	ATOMS	f2r	5	f2r-l5-r001	N:M	low	17	15	100	53.58331546934491	60.509775004326926	59.78367219970944	-6.9264595349820155	-6.200356730364533	yes	yes	0
relation_N_to_M	ATOMS	f2r	5	f2r-l5-r002	N:M	low	28	26	100	77.18947501009617	104.12499839990318	103.97846137655618	-26.935523389807003	-26.78898636646001	yes	yes	0
relation_N_to_M	ATOMS	f2r	5	f2r-l5-r003	N:M	low	24	22	100	83.1350272260738	88.4397602551206	88.15470965114447	-5.304733029046801	-5.01968242507067	yes	no	1
relation_N_to_M	ATOMS	f2r	6	f2r-l6-r001	N:M	low	21	19	100	76	76	76	0	0	no	no	0
relation_N_to_M	ATOMS	f2r	6	f2r-l6-r002	N:M	low	17	15	100	54.661778097771986	60.24592654816483	59.9322871554796	-5.584148450392846	-5.2705090577076135	yes	yes	0
relation_N_to_M	ATOMS	f2r	6	f2r-l6-r003	N:M	low	40	38	100	102.77511442978977	151.21410671965447	151.04119510849617	-48.4389922898647	-48.2660806787064	yes	yes	0
relation_N_to_M	ATOMS	f2r	7	f2r-l7-r001	N:M	low	28	26	100	80.18947501009622	104.09555155537639	103.78525157875208	-23.906076545280172	-23.595776568655864	yes	yes	0
relation_N_to_M	ATOMS	f2r	8	f2r-l8-r002	N:M	low	40	38	100	107.19768013069658	154.37315441868435	154.2784058797673	-47.17547428798777	-47.08072574907071	yes	yes	0
relation_N_to_M	ATOMS	f2r	8	f2r-l8-r003	N:M	low	46	44	100	140.1749960689374	175.45171219797055	175.5214433995925	-35.27671612903316	-35.34644733065511	yes	yes	0
relation_N_to_M	ATOMS	f2r	9	f2r-l9-r002	N:M	low	45	43	100	172	172	172	0	0	no	no	0
relation_N_to_M	ATOMS	f2r	9	f2r-l9-r003	N:M	low	14	12	100	47.076815597050825	48.49185309632968	48.12419678874498	-1.4150374992788528	-1.047381191694157	yes	no	16
relation_N_to_M	ATOMS	f2r	9	f2r-l9-r004	N:M	low	30	28	100	92.4934811969863	111.75651560282007	111.60806562376554	-19.26303440583378	-19.114584426779246	yes	yes	0
relation_N_to_M	ATOMS	f2r	10	f2r-l10-r001	N:M	low	26	24	100	72.55499838998526	96.91970260277935	96.9173712457727	-24.364704212794095	-24.36237285578744	yes	yes	0
relation_N_to_M	ATOMS	f2r	10	f2r-l10-r002	N:M	low	20	18	100	50.48264040810513	73.18181457461392	72.52983939483843	-22.699174166508797	-22.047198986733306	yes	yes	0
relation_N_to_M	ATOMS	f2r	10	f2r-l10-r003	N:M	low	23	21	100	62.900042501904906	83.50896747209933	83.31813189770413	-20.608924970194423	-20.418089395799228	yes	yes	0
relation_N_to_M	ATOMS	f2r	11	f2r-l11-r001	N:M	low	18	16	100	44.753457238129045	63.93458750793272	63.6097166774699	-19.181130269803674	-18.856259439340853	yes	yes	0
relation_N_to_M	ATOMS	f2r	11	f2r-l11-r002	N:M	low	25	23	100	71.31712992638454	93.09315247112498	92.6770584652113	-21.776022544740442	-21.359928538826765	yes	yes	0
relation_N_to_M	ATOMS	f2r	12	f2r-l12-r002	N:M	low	24	22	100	70.97168387400667	86.65739503910225	86.33471620724426	-15.685711165095583	-15.363032333237584	yes	yes	0
relation_N_to_M	ATOMS	f2r	12	f2r-l12-r003	N:M	low	28	26	100	84.20739691809347	103.81203125901445	103.86366422556947	-19.60463434092098	-19.656267307476	yes	yes	0
relation_N_to_M	ATOMS	f2r	12	f2r-l12-r004	N:M	low	29	27	100	108	108	108	0	0	no	no	0
relation_N_to_M	ATOMS	f2r	13	f2r-l13-r001	N:M	low	43	41	100	108.12580636390281	158.03978482798712	158.43762706429447	-49.91397846408431	-50.311820700391664	yes	yes	0
relation_N_to_M	ATOMS	f2v	1	f2v-l1-r002	N:M	low	48	46	100	184	184	184	0	0	no	no	0
relation_N_to_M	ATOMS	f2v	1	f2v-l1-r003	N:M	low	19	17	100	55.25871324015922	68.50977500432694	68.167299749567	-13.251061764167723	-12.908586509407776	yes	yes	0
relation_N_to_M	ATOMS	f2v	2	f2v-l2-r001	N:M	low	29	27	100	108	108	108	0	0	no	no	0
relation_N_to_M	ATOMS	f2v	2	f2v-l2-r002	N:M	low	31	29	100	70.32682858531123	116.0411279422024	115.86910206517366	-45.71429935689116	-45.54227347986243	yes	yes	0
relation_N_to_M	ATOMS	f2v	2	f2v-l2-r003	N:M	low	16	14	100	56	56	56	0	0	no	no	0
relation_N_to_M	ATOMS	f2v	3	f2v-l3-r002	N:M	low	43	41	100	119.9274089028851	162.68949722085165	162.10336198305393	-42.762088317966544	-42.175953080168824	yes	yes	0
relation_N_to_M	ATOMS	f2v	3	f2v-l3-r003	N:M	low	22	20	100	51.746825911767274	80.72723951164252	79.79837447045824	-28.98041359987525	-28.051548558690968	yes	yes	0
relation_N_to_M	ATOMS	f2v	4	f2v-l4-r001	N:M	low	33	31	100	101.50151653067488	124.44442535862112	123.99069424729372	-22.94290882794624	-22.48917771661884	yes	yes	0
relation_N_to_M	ATOMS	f2v	5	f2v-l5-r002	N:M	low	28	26	100	85.86754691520882	103.50977500432694	103.24508876868634	-17.64222808911812	-17.377541853477524	yes	yes	0
relation_N_to_M	ATOMS	f2v	5	f2v-l5-r003	N:M	low	10	8	100	32	32	32	0	0	no	no	0
relation_N_to_M	ATOMS	f2v	5	f2v-l5-r004	N:M	low	22	20	100	52.38042242630941	80.82526736469504	80.89183839632621	-28.44484493838563	-28.5114159700168	yes	yes	0
relation_N_to_M	ATOMS	f2v	6	f2v-l6-r001	N:M	low	39	37	100	114.78443332454823	147.3435832070261	147.0473792174115	-32.559149882477854	-32.26294589286327	yes	yes	0
relation_N_to_M	ATOMS	f2v	6	f2v-l6-r003	N:M	low	29	27	100	108	108	108	0	0	no	no	0
relation_N_to_M	ATOMS	f2v	7	f2v-l7-r001	N:M	low	23	21	100	64.13708169920575	84.50277970435403	84.04425393644483	-20.365698005148275	-19.90717223723908	yes	yes	0
relation_N_to_M	ATOMS	f2v	7	f2v-l7-r003	N:M	low	27	25	100	89.47050543293095	98.82395788668791	98.5060760474712	-9.353452453756958	-9.035570614540248	yes	yes	0
relation_N_to_M	ATOMS	f2v	8	f2v-l8-r001	N:M	low	35	33	100	111.71919089243825	133.0106261091571	132.84354260405667	-21.291435216718853	-21.124351711618417	yes	yes	0
relation_N_to_M	EVA	f2r	1	f2r-l1-r002	N:M	low	17	15	100	53.76271144532609	64.1520824296593	63.822172373474004	-10.389370984333212	-10.059460928147914	yes	yes	0
relation_N_to_M	EVA	f2r	1	f2r-l1-r003	N:M	low	15	13	100	47.43600681849839	55.65622740277213	55.37069183693939	-8.22022058427374	-7.934685018441002	yes	yes	0
relation_N_to_M	EVA	f2r	2	f2r-l2-r003	N:M	low	7	5	100	21.239637567217926	21.239637567217926	21.252632659058055	0	-0.012995091840128481	no	no	0
relation_N_to_M	EVA	f2r	4	f2r-l4-r002	N:M	low	19	17	100	67.5761087121654	72.35915763787612	72.25831497825136	-4.78304892571073	-4.68220626608597	yes	yes	0
relation_N_to_M	EVA	f2r	5	f2r-l5-r001	N:M	low	9	7	100	28.294920002719117	29.87988250344027	29.716757897592462	-1.5849625007211543	-1.4218378948733452	yes	no	1
relation_N_to_M	EVA	f2r	5	f2r-l5-r002	N:M	low	15	13	100	45.93797995454852	55.51183749343696	55.186394417385216	-9.57385753888844	-9.248414462836699	yes	yes	0
relation_N_to_M	EVA	f2r	5	f2r-l5-r003	N:M	low	11	9	100	32.46905725544835	38.37573753032744	37.80620151497243	-5.906680274879093	-5.337144259524081	yes	no	1
relation_N_to_M	EVA	f2r	6	f2r-l6-r001	N:M	low	10	8	100	23.763409844004357	32.798926097222235	32.40411949941372	-9.035516253217878	-8.64070965540936	yes	yes	0
relation_N_to_M	EVA	f2r	6	f2r-l6-r002	N:M	low	7	5	100	19.94345488516712	21.239637567217926	21.094402529143217	-1.2961826820508051	-1.150947643976096	yes	no	8
relation_N_to_M	EVA	f2r	6	f2r-l6-r003	N:M	low	19	17	100	72.21476772854095	72.21476772854095	72.25808470134155	0	-0.04331697280059643	no	no	0
relation_N_to_M	EVA	f2r	7	f2r-l7-r001	N:M	low	14	12	100	44.4214220259518	51.1195200706582	51.060364966973175	-6.6980980447063985	-6.6389429410213765	yes	yes	0
relation_N_to_M	EVA	f2r	8	f2r-l8-r002	N:M	low	14	12	100	44.0013976740032	51.1195200706582	50.580053417461244	-7.1181223966549965	-6.578655743458043	yes	yes	0
relation_N_to_M	EVA	f2r	8	f2r-l8-r003	N:M	low	23	21	100	87.91029510026448	89.35086769165046	89.30150548831867	-1.4405725913859868	-1.3912103880541906	yes	no	3
relation_N_to_M	EVA	f2r	9	f2r-l9-r002	N:M	low	20	18	100	72.51449784677185	76.89586496999006	76.46341726626616	-4.381367123218212	-3.9489194194943167	yes	yes	0
relation_N_to_M	EVA	f2r	9	f2r-l9-r003	N:M	low	7	5	100	19.94345488516712	21.3840274765531	21.19406113301318	-1.4405725913859797	-1.2506062478460578	yes	no	4
relation_N_to_M	EVA	f2r	9	f2r-l9-r004	N:M	low	11	9	100	33.90962984683432	38.37573753032744	37.7148506875798	-4.466107683493121	-3.805220840745477	yes	yes	0
relation_N_to_M	EVA	f2r	10	f2r-l10-r001	N:M	low	16	14	100	51.44165848627498	59.8910095401588	59.6264590873207	-8.449351053883817	-8.184800601045715	yes	yes	0
relation_N_to_M	EVA	f2r	10	f2r-l10-r002	N:M	low	10	8	100	26.279422433323795	34.27219992621903	33.92122004054232	-7.992777492895236	-7.641797607218528	yes	yes	0
relation_N_to_M	EVA	f2r	10	f2r-l10-r003	N:M	low	14	12	100	48.51400933049966	51.1195200706582	50.96044345558208	-2.605510740158536	-2.446434125082419	yes	no	2
relation_N_to_M	EVA	f2r	11	f2r-l11-r001	N:M	low	9	7	100	28.294920002719117	29.735492594105096	29.645023834245876	-1.4405725913859797	-1.3501038315267593	yes	no	1
relation_N_to_M	EVA	f2r	11	f2r-l11-r002	N:M	low	12	10	100	40.162544212947665	42.7680549531062	42.37914096416535	-2.605510740158536	-2.2165967512176863	yes	no	7
relation_N_to_M	EVA	f2r	12	f2r-l12-r002	N:M	low	12	10	100	37.98500602739548	42.76148226507774	42.041571015823095	-4.77647623768226	-4.056564988427617	yes	no	2
relation_N_to_M	EVA	f2r	12	f2r-l12-r003	N:M	low	14	12	100	48.23837488788624	51.26390997999337	50.978286806348294	-3.025535092107134	-2.739911918462056	yes	no	0
relation_N_to_M	EVA	f2r	12	f2r-l12-r004	N:M	low	13	11	100	40.503581130782734	47.01598246654979	46.423413331907014	-6.512401335767052	-5.919832201124279	yes	no	0
relation_N_to_M	EVA	f2r	13	f2r-l13-r001	N:M	low	23	21	100	86.42841570927433	89.62650213426389	88.99500281695943	-3.1980864249895546	-2.566587107685095	yes	no	8
relation_N_to_M	EVA	f2v	1	f2v-l1-r002	N:M	low	24	22	100	87.80834341600287	93.8875750237644	93.58830221615757	-6.079231607761528	-5.779958800154702	yes	yes	0
relation_N_to_M	EVA	f2v	1	f2v-l1-r003	N:M	low	8	6	100	22.750809807224723	25.631954989996686	25.47459398511332	-2.881145182771963	-2.7237841778885965	yes	no	1
relation_N_to_M	EVA	f2v	2	f2v-l2-r001	N:M	low	11	9	100	37.22394475761181	38.66451734899779	38.345086847133125	-1.4405725913859797	-1.1211420895213138	yes	no	17
relation_N_to_M	EVA	f2v	2	f2v-l2-r002	N:M	low	20	18	100	70.8034879861716	77.0271095032683	76.70883580281165	-6.223621517096703	-5.905347816640045	yes	yes	0
relation_N_to_M	EVA	f2v	2	f2v-l2-r003	N:M	low	9	7	100	26.854347411333134	29.735492594105096	29.664481357690974	-2.881145182771963	-2.8101339463578405	yes	yes	0
relation_N_to_M	EVA	f2v	3	f2v-l3-r002	N:M	low	24	22	100	93.74318511442922	93.8875750237644	93.58724946570977	-0.1443899093351746	0.1559356487194492	yes	no	36
relation_N_to_M	EVA	f2v	3	f2v-l3-r003	N:M	low	11	9	100	25.842186957388478	38.520127439662616	38.02761166433772	-12.677940482274138	-12.185424706949242	yes	yes	0
relation_N_to_M	EVA	f2v	4	f2v-l4-r001	N:M	low	21	19	100	66.70445571282795	81.6764408428233	81.10832123858398	-14.971985129995346	-14.403865525756032	yes	yes	0
relation_N_to_M	EVA	f2v	5	f2v-l5-r002	N:M	low	16	14	100	52.55690204995064	59.75976500688054	59.283920278055284	-7.202862956929906	-6.727018228104647	yes	yes	0
relation_N_to_M	EVA	f2v	5	f2v-l5-r003	N:M	low	7	5	100	20.507869146450897	21.3840274765531	21.140377171674153	-0.8761583301022036	-0.632508025223256	yes	no	19
relation_N_to_M	EVA	f2v	5	f2v-l5-r004	N:M	low	9	7	100	26.99873732066831	29.735492594105096	29.580869876673287	-2.736755273436785	-2.582132556004975	yes	no	1
relation_N_to_M	EVA	f2v	6	f2v-l6-r001	N:M	low	19	17	100	72.64793745654647	72.35915763787612	72.28561857917416	0.2887798186703492	0.36231887737231716	no	no	95
relation_N_to_M	EVA	f2v	6	f2v-l6-r003	N:M	low	19	17	100	69.01668130355138	72.35915763787612	72.23058057452789	-3.3424763343247434	-3.213899270976512	yes	no	1
relation_N_to_M	EVA	f2v	7	f2v-l7-r001	N:M	low	13	11	100	35.85177673835027	47.01598246654979	46.67385034949586	-11.16420572819952	-10.82207361114559	yes	yes	0
relation_N_to_M	EVA	f2v	7	f2v-l7-r003	N:M	low	15	13	100	51.12385249145423	55.69312253312931	55.09385136058276	-4.569270041675082	-3.9699988691285313	yes	no	3
relation_N_to_M	EVA	f2v	8	f2v-l8-r001	N:M	low	22	20	100	66.6141619947353	86.78176152058393	86.11894732502013	-20.16759952584863	-19.504785330284832	yes	yes	0
