unit_id	image_id	image_name	source_molecule_id	row_index	unit_index	atoms	atom_ids	atom_count	bounds_x	bounds_y	bounds_w	bounds_h
p003-u001	3	page-003.jpg	img3-m1	1	1	a:1 b:1 c:1 a:1 b:1 d:1 f:1 i:1 d:1 e:1 h:1 e:1 f:1 e:1 g:1 e:1	980 1322 982 983 981 5493 999 1000 1002 996 997 991 992 993 995 994	16	545	362	244	231
p003-u002	3	page-003.jpg	img3-m9	1	2	e:1 h:1 a:1 b:1 c:1 a:1 e:1 f:1 f:1 j:1	1006 1007 1008 1010 1011 1012 1015 1016 1017 1018	10	853	454	133	143
p003-u003	3	page-003.jpg	img3-m5	1	3	e:1 f:1 f:1 i:1 d:1	1019 1020 1021 1022 1024	5	1035	500	53	54
p003-u004	3	page-003.jpg	img3-m6	1	4	e:1 h:1 a:1 e:1 b:1 c:1 a:1 e:1 f:1 k:1 f:1 i:1 d:1	1048 1050 1051 1052 1053 1058 1059 1060 1061 1062 1063 1064 1065	13	1117	447	197	126
p003-u005	3	page-003.jpg	img3-m4	1	5	c:1 f:1 j:1 n:1 e:1 g:1 e:1	1070 1071 1074 3660 1066 1068 1067	7	1370	497	127	71
p003-u006	3	page-003.jpg	img3-m3	1	6	n:1 e:1 g:1 e:1 f:1 i:1 d:1 c:1 e:1 h:1	3661 1075 1077 1076 1081 1082 1083 1080 1086 1087	10	1549	471	165	104
p003-u007	3	page-003.jpg	img3-m2	1	7	e:1 a:1 e:1 b:1 c:1 a:1 g:1 e:1 e:1 i:1 d:1 e:1 e:1 i:1 d:1	1089 1097 1098 1099 1100 1103 1096 1090 1107 1108 1109 1092 1091 1110 1111	15	1763	446	205	111
p003-u008	3	page-003.jpg	img3-m7	1	8	e:1 h:1 a:1 b:1 c:1 a:1 c:1 f:1 i:1 d:1	1112 1113 1115 1116 1117 1118 1119 1125 1126 1127	10	1992	430	154	164
p003-u009	3	page-003.jpg	img3-m8	1	9	n:1 e:1 g:1 e:1 c:1 f:1 j:1 e:1 c:2 h:2 e:1 h:1	3663 1128 3065 1152 1133 1134 1140 1150 1136 1137 2458 2459	12	2181	474	216	111
p003-u010	3	page-003.jpg	img3-m15	2	10	e:1 i:1 d:1 c:1 f:1 i:1 d:1 e:1 h:1	1025 1027 1028 1030 1031 1032 1033 1026 1034	9	565	608	156	96
p003-u011	3	page-003.jpg	img3-m13	2	11	e:1 a:1 b:1 c:1 a:1 g:1 e:1 e:1 f:1 f:1 i:1 d:1	1035 1040 1041 1042 1043 1038 1036 1037 1044 1045 1046 1047	12	772	584	164	80
p003-u012	3	page-003.jpg	img3-m18	2	12	e:1 h:1 c:1 f:1 i:1 d:1	1166 1162 1157 1158 1159 1160	6	977	609	107	82
p003-u013	3	page-003.jpg	img3-m12	2	13	a:1 b:1 c:1 a:1 e:1 k:1 f:1 i:1 d:1	1168 1169 1170 1171 1172 1174 1175 1176 1177	9	1129	568	109	77
p003-u014	3	page-003.jpg	img3-m17	2	14	e:1 g:1 e:1 a:1 m:1 c:1 a:1 e:1 f:1 k:1 f:1 i:1 d:1	1184 1182 1179 3041 3031 1189 1190 1332 1191 1193 1194 1195 1196	13	1282	560	241	82
p003-u015	3	page-003.jpg	img3-m14	2	15	n:1 e:1 g:1 e:1 e:1 f:1 f:1 i:1 d:1	3664 1197 1198 1199 1201 1202 1203 1206 1208	9	1563	572	139	56
p003-u016	3	page-003.jpg	img3-m16	2	16	e:1 f:1 l:1 f:1 i:1 d:1	1209 1210 1212 1213 1214 1215	6	1729	579	86	62
p003-u017	3	page-003.jpg	img3-m10	2	17	e:1 a:1 m:1 c:1 a:1 g:1 e:1 e:1 f:1 f:1 i:1 d:1	1216 1247 3032 1249 1250 1222 1217 1253 1254 1257 1258 1260	12	1853	561	193	81
p003-u018	3	page-003.jpg	img3-m11	2	18	e:1 a:1 e:1 b:1 c:1 a:1 g:1 e:1 e:1 f:1 f:1 i:1 d:1 e:1 c:2 h:2 e:1 f:1 f:1 i:1 d:1	1266 1275 1276 1277 1278 1279 1265 1263 1280 1281 1282 1284 1285 1286 1287 1288 1301 1302 1303 1304 1305	21	2077	565	329	81
p003-u019	3	page-003.jpg	img3-m23	3	19	e:1 i:1 d:1 e:1 h:1	1334 1335 1336 1337 1338	5	513	690	129	73
p003-u020	3	page-003.jpg	img3-m28	3	20	e:1 f:1 k:1 f:1 i:1 d:1	1339 1340 1347 1344 1345 1346	6	664	693	117	60
p003-u021	3	page-003.jpg	img3-m27	3	21	n:1 e:1 g:1 e:1 e:1 a:1 b:1 c:1 a:1 e:1 h:1	3665 1348 1350 1349 1352 1353 1354 1355 1356 1358 1359	11	814	666	171	102
p003-u022	3	page-003.jpg	img3-m25	3	22	c:1 f:1 i:1 d:1	1361 1362 1363 1365	4	1027	698	66	44
p003-u023	3	page-003.jpg	img3-m26	3	23	e:1 h:1 a:1 b:1 c:1 a:1 e:1 f:1 k:1 f:1 i:1 d:1	1366 1368 1369 1371 1372 1373 1374 1375 1376 1377 1378 1379	12	1127	647	194	112
p003-u024	3	page-003.jpg	img3-m24	3	24	n:1 e:1 g:1 e:1 c:1 e:1 c:1 h:2	3709 1380 1382 1381 1384 1387 1388 1390	8	1365	670	141	62
p003-u025	3	page-003.jpg	img3-m19	3	25	e:1 a:1 e:1 b:1 c:1 a:1 g:1 e:1 c:1 e:1 f:1 f:1 i:1 d:1 e:1 h:1	1391 1395 1401 1397 1399 1402 1394 1393 1403 1404 1405 1406 1407 1408 1409 1410	16	1546	650	262	112
p003-u026	3	page-003.jpg	img3-m20	3	26	e:1 a:1 e:1 b:1 c:1 a:1 g:1 e:1 c:1 e:1 i:1 d:1	1411 1414 1423 1415 1417 1485 1413 1412 1433 1434 1436 1437	12	1857	650	155	77
p003-u027	3	page-003.jpg	img3-m22	3	27	e:1 c:2 h:2 e:1 f:1 f:1 i:1 d:1 e:1 f:1 k:1 f:1 i:1 d:1	1439 1440 1441 1457 1458 1459 1460 1461 1462 1463 1464 1465 1467 1471	14	2062	677	234	58
p003-u028	3	page-003.jpg	img3-m21	3	28	e:1 i:1 d:1 e:1 h:1	1472 1475 1479 1473 1484	5	2326	684	59	77
p003-u029	3	page-003.jpg	img3-m33	4	29	e:1 c:1 h:2 c:1 k:1 f:1 i:1 d:1	1486 1487 1488 1489 1490 1491 1492 1493	8	577	785	143	52
p003-u030	3	page-003.jpg	img3-m36	4	30	c:1 a:1 e:1 b:1 c:1 a:1 e:1 e:1 e:1 h:1	1494 1496 1499 1500 1501 1502 1505 1504 1506 1509	10	758	746	163	129
p003-u031	3	page-003.jpg	img3-m35	4	31	c:1 a:1 e:1 b:1 c:1 a:1 e:1 c:1 f:1 i:1 d:1 e:1 i:1 d:1 c:1 f:1 j:1 c:1 a:1 m:1 c:1 a:1 e:1 h:1	1512 1514 1515 1516 1517 1518 1519 1520 1521 1522 1524 1526 1527 1528 1529 1530 1531 1532 1533 4648 1535 1537 1538 1539	24	969	739	438	107
p003-u032	3	page-003.jpg	img3-m29	4	32	e:1 a:1 e:1 b:1 c:1 a:1 g:1 e:1 f:1 c:1 f:1 i:1 d:1	1543 1549 1553 1551 1559 1560 1547 1544 1545 1546 1561 1562 1563	13	1457	730	213	97
p003-u033	3	page-003.jpg	img3-m30	4	33	e:1 c:1 h:2 e:1 f:1 k:1 f:1 i:1 d:1	1564 1565 1567 1568 1569 1570 1571 1572 1573	9	1701	759	165	65
p003-u034	3	page-003.jpg	img3-m34	4	34	c:1 a:1 b:1 c:1 a:1 e:1 f:1 k:1 f:1 i:1 d:1	1574 1575 1578 1579 1580 1582 1583 1584 1585 1586 1587	11	1904	732	199	83
p003-u035	3	page-003.jpg	img3-m31	4	35	c:1 f:1 i:1 d:1	1588 1590 1591 1594	4	2138	764	68	41
p003-u036	3	page-003.jpg	img3-m32	4	36	c:1 a:1 b:1 c:1 a:1 e:1 f:1 f:1 i:1 d:1	1589 1595 1596 1598 1599 1610 1611 1612 1613 1615	10	2238	743	151	65
p003-u037	3	page-003.jpg	img3-m41	5	37	e:1 i:1 d:1 e:1 f:1 l:1 f:1 i:1 d:1 e:1 h:1	1627 1629 1630 1631 1632 1633 1634 1635 1636 1637 1638	11	584	860	145	103
p003-u038	3	page-003.jpg	img3-m42	5	38	e:1 g:1 e:1 e:1 e:1 f:1 f:1 i:1 d:1	1639 1643 1642 1640 1641 1644 1645 1646 1647	9	782	857	159	65
p003-u039	3	page-003.jpg	img3-m38	5	39	e:1 a:1 m:1 c:1 a:1 g:1 e:1 e:1 f:1 k:1 f:1 i:1 d:1	1648 1668 3033 1670 1671 1664 1649 1650 1651 1653 1654 1655 1658	13	985	826	223	93
p003-u040	3	page-003.jpg	img3-m39	5	40	e:1 a:1 m:1 c:1 a:1 b:1 d:1 g:1 e:1 e:1 f:1 f:1 i:1 d:1	1676 1685 3035 1689 1694 1691 1699 1758 1677 1700 1701 1702 1703 1704	14	1232	827	197	83
p003-u041	3	page-003.jpg	img3-m37	5	41	e:1 a:1 b:1 c:1 a:1 b:1 d:1 g:1 e:1 e:1 f:1 k:1 f:1 i:1 d:1	1679 1707 1712 1709 1710 1708 1713 1705 1706 1718 1717 1719 1720 1721 1722	15	1467	822	226	80
p003-u042	3	page-003.jpg	img3-m40	5	42	e:1 h:1 e:1 c:1 h:2 e:1 f:1 f:1 i:1 d:1 e:1 f:1 f:1 n:1 e:1 g:1 e:1 e:1 h:1	1726 1727 1734 1736 1735 1742 1743 1744 1747 1748 1749 1746 1745 3667 1750 1752 1751 1754 1755	19	2015	843	342	99
p003-u043	3	page-003.jpg	img3-m46	6	43	c:1 e:1 c:1 h:2 e:1 f:1 f:1 i:1 d:1	1759 1762 1763 1764 1765 1766 1767 1769 1771	9	780	1023	117	75
p003-u044	3	page-003.jpg	img3-m48	6	44	n:1 c:1 g:1 e:1 h:1 n:1 e:1 g:1 e:1 c:1 f:1 j:1	3668 1772 1778 1779 1780 3669 1782 1785 1783 1784 1787 1788	12	947	1037	233	93
p003-u045	3	page-003.jpg	img3-m44	6	45	e:1 a:1 m:1 c:1 a:1 b:1 d:1 g:1 e:1 c:1 e:1 h:1	1813 1819 3039 1821 1828 1826 5494 1818 1814 1816 1833 1832	12	1213	974	192	165
p003-u046	3	page-003.jpg	img3-m45	6	46	c:1 e:1 h:1 e:1 c:1 h:2 e:1 f:1 f:1 i:1 d:1	1834 1835 4649 1836 1840 1841 1837 1842 1843 1844 1845	11	1456	1040	157	87
p003-u047	3	page-003.jpg	img3-m47	6	47	e:1 i:1 d:1 n:1 e:1 g:1 e:1	1853 1854 1855 3670 1846 1848 1847	7	1669	1038	139	63
p003-u048	3	page-003.jpg	img3-m43	6	48	e:1 a:1 e:1 b:1 c:1 a:1 b:1 d:1 g:1 e:1 c:1 e:1 f:1 k:1 f:1 i:1 d:1	1870 1861 1856 1868 1864 1866 1863 1869 1860 1857 1871 1858 1872 1873 1874 1875 1876	17	1823	972	254	145
p003-u049	3	page-003.jpg	img3-m49	6	49	n:1 e:1 g:1 e:1 c:1 e:1 c:1 h:2 e:1 f:1 f:1 i:1 d:1 e:1 h:1	3671 1877 1879 1878 1881 1883 1882 2096 1884 1886 1887 1888 1889 1885 2002	15	2123	1042	234	85
p003-u050	3	page-003.jpg	img3-m58	7	50	n:1 e:1 g:1 e:1 e:1 e:1 e:1 h:1	3674 1893 1898 1894 1891 1895 1896 1897	8	572	1148	148	82
p003-u051	3	page-003.jpg	img3-m56	7	51	n:1 e:1 g:1 e:1 c:1 e:1 c:1 h:2 e:1 h:1	3675 1900 1902 1901 1905 1923 1906 1945 1925 1946	10	769	1136	158	79
p003-u052	3	page-003.jpg	img3-m55	7	52	c:1 a:1 b:1 c:1 a:1 e:1 g:1 e:1 c:1 e:1 h:1	1907 1955 1954 1908 1956 1926 1968 1927 1909 1928 1947	11	976	1114	177	116
p003-u053	3	page-003.jpg	img3-m53	7	53	c:1 a:1 m:1 c:1 a:1 e:1 g:1 e:1 c:1 f:1 j:1	1910 1959 3040 1912 1958 1929 1963 1930 1911 1965 1966	11	1202	1118	182	92
p003-u054	3	page-003.jpg	img3-m54	7	54	e:1 g:1 e:1 c:1 e:1 a:1 e:1 b:1 c:1 a:1 g:1 e:1 e:1 h:1	1931 1969 1932 1913 1933 1975 1977 1978 1914 1976 1971 1934 1935 1948	14	1426	1114	218	93
p003-u055	3	page-003.jpg	img3-m52	7	55	c:1 e:1 i:1 d:1 e:1 g:1 e:1 e:1 h:1	1916 1936 1982 1983 1937 1984 1938 1939 1949	9	1691	1138	157	97
p003-u056	3	page-003.jpg	img3-m51	7	56	e:1 c:1 h:2 e:1 f:1 l:1 f:1 i:1 d:1	1940 1917 1950 1941 1985 1986 1987 1989 1990	9	1894	1151	148	49
p003-u057	3	page-003.jpg	img3-m57	7	57	e:1 g:1 e:1 c:1 f:1 i:1 d:1	1943 1992 1993 1918 1994 1995 1996	7	2078	1142	143	61
p003-u058	3	page-003.jpg	img3-m50	7	58	a:1 b:1 c:1 a:1 c:1 e:1 i:1 d:1	1997 1999 1922 1998 1919 1944 2000 2095	8	2262	1118	105	74
p003-u059	3	page-003.jpg	img3-m63	8	59	e:1 c:1 h:2 e:1 f:1 k:1 f:1 i:1 d:1	2005 2012 2013 2006 2007 2008 2009 2010 2011	9	568	1257	135	43
p003-u060	3	page-003.jpg	img3-m65	8	60	n:1 e:1 g:1 e:1 c:1 e:1 i:1 d:1	3673 2015 2024 2016 2026 2017 2021 2022	8	745	1228	144	62
p003-u061	3	page-003.jpg	img3-m59	8	61	e:1 a:1 b:1 c:1 a:1 b:1 d:1 g:1 e:1 c:1 f:1 j:1	2027 2031 2032 2033 2035 5495 5496 2030 2028 2042 2043 2045	12	935	1191	172	108
p003-u062	3	page-003.jpg	img3-m62	8	62	n:1 e:1 g:1 e:1 c:1 e:1 c:1 h:2 e:1 h:1	3672 2047 2049 2048 2051 2053 2056 2055 2054 2058	10	1146	1219	149	99
p003-u063	3	page-003.jpg	img3-m61	8	63	e:1 c:1 h:2 e:1 f:1 l:1 f:1 i:1 d:1	2076 2087 2089 2077 2078 2079 2080 2082 2083	9	1854	1233	123	47
p003-u064	3	page-003.jpg	img3-m64	8	64	c:1 f:1 i:1 d:1	2075 2066 2067 2068	4	2012	1233	67	50
p003-u065	3	page-003.jpg	img3-m60	8	65	a:1 e:1 b:1 c:1 a:1 e:1 c:1 e:1 c:1 h:2 e:1 h:1	2069 2071 2070 2072 2074 2065 2064 2061 2062 2063 2060 2059	12	2099	1208	189	99
p003-u066	3	page-003.jpg	img3-m72	9	66	e:1 h:1 e:1 c:2 h:2 e:1 f:1 l:1 f:1 i:1 d:1	2097 2098 2099 2100 2101 2115 2116 2117 2121 2122 2124	11	664	1481	162	90
p003-u067	3	page-003.jpg	img3-m66	9	67	e:1 a:1 m:1 c:1 a:1 b:1 d:1 g:1 e:1 e:1 e:1 i:1 d:1 e:1 f:1 k:1 f:1 i:1 d:1	2125 2128 3042 2130 2131 2132 5497 2127 2126 2135 2136 2139 2138 2148 2141 2142 2143 2144 2145	19	862	1401	282	132
p003-u068	3	page-003.jpg	img3-m69	9	68	c:1 f:1 j:1 e:1 i:1 d:1	2149 2150 2151 2152 2153 2154	6	1204	1488	96	54
p003-u069	3	page-003.jpg	img3-m67	9	69	e:1 a:1 e:1 b:1 c:1 a:1 b:1 d:1 g:1 e:1 e:1 e:1 h:1	2155 2158 2159 2166 2164 2165 2160 2167 2157 2156 2171 2172 2173	13	1332	1430	152	132
p003-u070	3	page-003.jpg	img3-m70	9	70	e:1 h:1 a:1 m:1 c:1 a:1 e:1 f:1 l:1 f:1 i:1 d:1	2174 2175 2177 3043 2180 2178 2181 2182 2183 2184 2186 2187	12	1539	1440	192	124
p003-u071	3	page-003.jpg	img3-m71	9	71	n:1 e:1 g:1 e:1 c:1 n:1 e:1 g:1 e:1 e:1 h:1	3676 2188 2191 2189 2190 3677 2193 2196 2194 2195 2199	11	1775	1476	211	104
p003-u072	3	page-003.jpg	img3-m68	9	72	e:1 a:1 e:1 b:1 c:1 a:1 b:1 d:1 g:1 e:1 c:1 e:1 c:1 h:2 e:1 f:1 f:1 j:1 e:1 e:1 i:1 d:1	2201 2205 2207 2210 2208 2209 2206 2211 2204 2202 2213 2214 2216 2215 2217 2218 2219 2220 2221 2222 2224 2225	22	1980	1455	392	96
p003-u073	3	page-003.jpg	img3-m84	10	73	c:1 a:1 b:1 c:1 a:1 n:1 e:1 g:1 e:1 c:1	2226 2227 2228 2229 2230 3680 2231 2233 2232 2235	10	566	1559	180	102
p003-u074	3	page-003.jpg	img3-m73	10	74	a:1 b:1 c:1 a:1 n:1 e:1 g:1 e:1 c:1 e:1 h:1	2236 2237 2238 2239 3679 2240 2242 2241 2244 2245 2246	11	790	1545	165	114
p003-u075	3	page-003.jpg	img3-m79	10	75	c:1 a:1 m:1 c:1 a:1 e:1 f:1 l:1 f:1 i:1 d:1 l:1 f:1 i:1 d:1	2247 2248 3047 2250 2251 2252 2253 2254 2255 2257 2259 2260 2261 2262 2263	15	995	1539	235	86
p003-u076	3	page-003.jpg	img3-m80	10	76	e:1 a:1 e:1 b:1 c:1 a:1 b:1 d:1 g:1 e:1 e:1 h:1	2378 2382 2387 2390 2386 2392 2384 5498 2381 2379 2380 2393	12	1263	1636	126	102
p003-u077	3	page-003.jpg	img3-m77	10	77	c:1 a:1 e:1 b:1 c:1 a:1 e:1 c:1 f:1 j:1	2264 2268 2271 2269 2270 2272 2267 2265 2266 2273	10	1274	1546	186	85
p003-u078	3	page-003.jpg	img3-m76	10	78	e:1 f:1 a:1 b:1 c:1 a:1 e:1 l:1 f:1 i:1 d:1	2274 2285 2280 2281 2282 2283 2275 2276 2277 2278 2279	11	1516	1540	152	84
p003-u079	3	page-003.jpg	img3-m78	10	79	n:1 e:1 g:1 e:1 c:1 e:1 c:2 h:2 e:1 f:1 l:1 f:1 i:1 d:1	3678 2286 2289 2287 2291 2292 2293 2294 2330 2331 2304 2303 2305 2306	14	1700	1561	254	70
p003-u080	3	page-003.jpg	img3-m85	10	80	e:1 a:1 e:1 b:1 c:1 a:1 e:1 g:1 e:1 e:1 h:1	2418 2424 2428 2423 2429 2430 2421 2422 2420 2431 2432	11	1758	1648	146	111
p003-u081	3	page-003.jpg	img3-m75	10	81	e:1 i:1 d:1 e:1 a:1 e:1 b:1 c:1 a:1 g:1 e:1 e:1 h:1	2307 2316 2317 2308 2312 2309 2314 2315 2313 2311 2310 2318 2319	13	1992	1553	177	122
p003-u082	3	page-003.jpg	img3-m74	10	82	e:1 c:1 h:2 e:1 f:1 k:1 f:1 i:1 d:1	2321 2322 2320 2323 2328 2327 2325 2326 2324	9	2212	1581	143	42
p003-u083	3	page-003.jpg	img3-m88	11	83	n:1 e:1 g:1 e:1 c:1 e:1 h:1	3681 2332 2335 2333 2337 2334 2339	7	565	1677	148	71
p003-u084	3	page-003.jpg	img3-m83	11	84	e:1 a:1 b:1 c:1 a:1 g:1 e:1 e:1 e:1 h:1	2341 2348 2349 2350 2351 2347 2342 2344 2346 2352	10	761	1640	182	103
p003-u085	3	page-003.jpg	img3-m81	11	85	a:1 b:1 c:1 a:1 c:1 e:1 c:1 h:2 e:1 f:1 k:1 f:1 i:1 d:1	2357 2358 2359 2360 2361 2373 2365 2364 2366 2369 2374 2375 2376 2377	14	993	1638	226	80
p003-u086	3	page-003.jpg	img3-m82	11	86	e:1 a:1 e:1 b:1 c:1 a:1 b:1 d:1 g:1 e:1 c:1 e:1 c:1 h:2 e:1 f:1 k:1 f:1 j:1 e:1 i:1 d:1	2394 2398 2401 2402 2400 2403 2399 2404 2397 2396 2406 2407 2408 2409 2410 2411 2412 2413 2414 2416 2417 2415	22	1404	1638	325	101
p003-u087	3	page-003.jpg	img3-m86	11	87	n:1 e:1 g:1 e:1 c:1	3682 2433 2438 2434 2435	5	1948	1666	111	59
p003-u088	3	page-003.jpg	img3-m87	11	88	c:1 f:1 j:1 e:1 c:1 h:2 e:1 f:1 l:1 f:1 i:1 d:1 e:1 c:2 h:2	2436 2441 2447 2444 2445 2446 2448 2443 2454 2442 2456 2457 2460 2461 2463	15	2107	1669	270	58
p003-u089	3	page-003.jpg	img3-m91	12	89	e:1 c:1 h:2 e:1 f:1 l:1 f:1 i:1 d:1	2585 2584 2588 2586 2597 2596 2589 2592 2593	9	562	1758	119	50
p003-u090	3	page-003.jpg	img3-m93	12	90	c:1 k:1 f:1 i:1 d:1	2583 2595 2590 2591 2594	5	723	1755	105	45
p003-u091	3	page-003.jpg	img3-m94	12	91	e:1 g:1 e:1 c:1 f:1 j:1	2602 2603 2600 2582 2598 2599	6	882	1771	126	34
p003-u092	3	page-003.jpg	img3-m95	12	92	c:1 e:1 c:1 h:2 e:1 f:1 k:1 f:1 i:1 d:1	2581 2574 2580 2579 2573 2572 2571 2570 2569 2567	10	1058	1755	188	48
p003-u093	3	page-003.jpg	img3-m96	12	93	e:1 g:1 e:1 c:1 e:1 c:2 h:2 e:1 f:1 l:1 f:1 i:1 d:1	2542 2547 2543 2548 2544 2553 2554 2545 2555 2557 2556 2558 2559	13	1292	1739	227	60
p003-u094	3	page-003.jpg	img3-m97	12	94	e:1 c:1 h:2 e:1 g:1 e:1 e:1 h:1	2534 2527 2541 2535 2538 2536 2533 2539	8	1572	1760	113	73
p003-u095	3	page-003.jpg	img3-m98	12	95	c:1 a:1 b:1 c:1 a:1 e:1 f:1 l:1 f:1 i:1 d:1	2526 2531 2530 2528 2532 2510 2511 2513 2514 2515 2517	11	1740	1744	173	62
p003-u096	3	page-003.jpg	img3-m92	12	96	e:1 c:1 h:2 e:1 f:1 f:1 i:1 d:1	2509 2518 2519 2508 2505 2504 2506 2507	8	1948	1767	116	42
p003-u097	3	page-003.jpg	img3-m90	12	97	e:1 a:1 e:1 b:1 c:1 a:1 g:1 e:1 e:1 h:1	2492 2500 2497 2495 2503 2502 2493 2491 2489 2490	10	2106	1734	144	105
p003-u098	3	page-003.jpg	img3-m89	12	98	a:1 b:1 c:1 a:1 c:1 e:1 c:1 h:2	2484 2485 2486 2487 2488 2470 2469 2468	8	2307	1721	84	78
p003-u099	3	page-003.jpg	img3-m102	13	99	e:1 c:1 h:2 e:1 f:1 k:1 f:1 i:1 d:1	3147 3170 3180 3148 3181 3190 3191 3192 3196	9	561	1837	138	49
p003-u100	3	page-003.jpg	img3-m103	13	100	n:1 e:1 g:1 e:1 e:1 a:1 b:1 c:1 a:1 g:1 e:1 e:1 e:1 h:1	3683 3149 3200 3150 3151 3218 3217 3171 3219 3201 3152 3153 3154 3226	14	741	1804	200	98
p003-u101	3	page-003.jpg	img3-m100	13	101	e:1 a:1 b:1 c:1 a:1 g:1 e:1 c:1 f:1 i:1 d:1	3155 3220 3216 3172 3221 3202 3156 3173 3182 3193 3197	11	1003	1810	186	75
p003-u102	3	page-003.jpg	img3-m105	13	102	e:1 g:1 e:1 e:1 f:1 f:1 i:1 d:1	3157 3203 3158 3159 3183 3184 3194 3198	8	1218	1825	142	61
p003-u103	3	page-003.jpg	img3-m106	13	103	n:1 e:1 g:1 e:1 e:1 e:1 h:1	3684 3160 3204 3161 3162 3163 3227	7	1405	1828	132	77
p003-u104	3	page-003.jpg	img3-m99	13	104	a:1 b:1 c:1 a:1 c:1 f:1 j:1	3222 3215 3174 3223 3175 3185 3210	7	1599	1806	98	84
p003-u105	3	page-003.jpg	img3-m104	13	105	e:1 g:1 e:1 c:1 f:1 j:1	3164 3205 3165 3176 3186 3212	6	1730	1859	107	34
p003-u106	3	page-003.jpg	img3-m107	13	106	e:1 g:1 e:1 c:1 f:1 j:1	3166 3206 3167 3177 3187 3213	6	1893	1863	115	34
p003-u107	3	page-003.jpg	img3-m101	13	107	a:1 b:1 c:1 a:1 c:1 f:1 i:1 d:1	3224 3214 3178 3225 3179 3188 3195 3199	8	2044	1810	100	81
p003-u108	3	page-003.jpg	img3-m108	13	108	e:1 g:1 e:1 c:1	3168 3207 3169 3189	4	2182	1868	93	22
p003-u109	3	page-003.jpg	img3-m115	14	109	n:1 e:1 g:1 e:1 c:1	3687 3228 3251 3229 3262	5	565	1904	87	53
p003-u110	3	page-003.jpg	img3-m113	14	110	e:1 g:1 e:1 c:1 f:1 j:1	3230 3252 3231 3263 3276 3283	6	689	1923	117	34
p003-u111	3	page-003.jpg	img3-m114	14	111	e:1 g:1 e:1 c:1 e:1 c:1 h:2 e:1 f:1 f:1 i:1 d:1	3232 3253 3233 3264 3234 3265 3284 3235 3277 3278 3286 3292	12	852	1904	230	49
p003-u112	3	page-003.jpg	img3-m109	14	112	e:1 h:1 a:1 b:1 c:1 a:1 n:1 e:1 g:1 e:1	3239 3304 3298 3295 3266 3299 3686 3236 3254 3237	10	1137	1887	145	99
p003-u113	3	page-003.jpg	img3-m110	14	113	a:1 b:1 c:1 a:1 e:1 g:1 e:1 c:1	3300 3296 3267 3301 3240 3255 3241 3268	8	1325	1891	128	66
p003-u114	3	page-003.jpg	img3-m112	14	114	e:1 c:1 h:2 c:1 f:1 i:1 d:1	3242 3289 3288 3269 3279 3287 3293	7	1512	1909	109	50
p003-u115	3	page-003.jpg	img3-m117	14	115	e:1 g:1 e:1 c:1 e:1 c:1 h:2 e:1 f:1 k:1 f:1 i:1 d:1	3243 3256 3244 3270 3245 3271 3285 3246 3280 3306 3281 3290 3294	13	1664	1907	276	54
p003-u116	3	page-003.jpg	img3-m116	14	116	n:1 e:1 g:1 e:1 c:1	3685 3247 3257 3248 3272	5	1999	1904	90	54
p003-u117	3	page-003.jpg	img3-m111	14	117	a:1 b:1 c:1 a:1 e:1 g:1 e:1 c:1 f:1 i:1 c:1 h:1	3302 3297 3273 3303 3249 4650 3250 3274 3282 3291 3275 3305	12	2127	1892	203	88
p003-u118	3	page-003.jpg	img3-m123	15	118	c:1 e:1 g:1 e:1 e:1 h:1	3349 3308 3342 3309 3307 3336	6	572	2000	140	52
p003-u119	3	page-003.jpg	img3-m119	15	119	e:1 g:1 e:1 e:1 a:1 e:1 b:1 c:1 a:1 e:1 h:1	3310 3343 3311 3312 3367 3366 3361 3350 3368 3313 3337	11	741	1957	183	94
p003-u120	3	page-003.jpg	img3-m124	15	120	e:1 g:1 e:1 e:1 a:1 b:1 c:1 a:1 e:1 f:1 l:1 f:1 i:1 d:1	3314 3344 3315 3316 3369 3362 3351 3370 3317 3390 3391 3392 3393 3394	14	979	1956	247	79
p003-u121	3	page-003.jpg	img3-m125	15	121	n:1 e:1 g:1 e:1 e:1 c:1	3688 3318 3345 3319 3320 3352	6	1271	1976	130	54
p003-u122	3	page-003.jpg	img3-m118	15	122	e:1 a:1 e:1 b:1 c:1 a:1 b:1 d:1 n:1 e:1 g:1 e:1 c:1 f:1 j:1	3321 3371 3322 3397 3353 3372 3363 3398 3689 3323 3346 3324 3354 3387 3389	15	1413	1953	205	94
p003-u123	3	page-003.jpg	img3-m122	15	123	e:1 c:1 h:2 e:1 c:1 h:2 e:1 c:1 h:2 e:1 h:1 e:1 h:1	3325 3355 3386 3329 3357 3384 3327 3356 3385 3326 3338 3328 3339	13	1680	1996	172	73
p003-u124	3	page-003.jpg	img3-m120	15	124	e:1 a:1 e:1 b:1 c:1 a:1 g:1 e:1 e:1 h:1	3330 3373 3375 3364 3358 3374 3347 3331 3332 3340	10	1918	1962	127	104
p003-u125	3	page-003.jpg	img3-m121	15	125	e:1 c:1 h:2 e:1 l:1 f:1 e:1 a:1 e:1 b:1 c:1 a:1 c:2 g:1 e:1 h:1	3333 3359 3383 3334 3380 3381 3382 3377 3376 3365 3360 3378 3379 3348 3335 3341	16	2085	1970	225	105
p003-u126	3	page-003.jpg	img3-m133	16	126	c:1 a:1 e:1 b:1 c:1 a:1 e:1 h:1	3435 3445 3400 3430 3434 3446 3399 3425	8	566	2039	111	105
p003-u127	3	page-003.jpg	img3-m131	16	127	c:1 f:1 j:1 n:1 e:1 g:1 e:1	3436 3461 3469 3692 3401 3453 3402	7	720	2037	128	78
p003-u128	3	page-003.jpg	img3-m130	16	128	n:1 e:1 g:1 e:1 e:1	3691 3403 3454 3404 3405	5	903	2040	86	73
p003-u129	3	page-003.jpg	img3-m127	16	129	a:1 b:1 c:1 a:1 c:1 e:1 c:1 h:2 n:1 e:1 g:1 e:1 e:1 e:1 h:1	3447 3431 3438 3448 3437 3406 3439 3471 3690 3407 3455 3408 3409 3410 3426	15	1035	2042	269	99
p003-u130	3	page-003.jpg	img3-m126	16	130	e:1 a:1 m:1 c:1 a:1 b:1 d:1 g:1 e:1 e:1 e:1 f:1 f:1 j:1 e:1 h:1	3411 3449 3475 3440 3450 3432 3476 3456 3412 3413 3414 3462 3464 3470 3427 3428	16	1356	2033	255	122
p003-u131	3	page-003.jpg	img3-m129	16	131	e:1 c:1 h:2 e:1 f:1 f:1 i:1 d:1 e:1 f:1 l:1 f:1 i:1 d:1	3415 3441 3472 3416 3465 3466 3654 3655 3417 3467 3479 3480 3481 3477	14	1691	2073	204	60
p003-u132	3	page-003.jpg	img3-m132	16	132	e:1 c:1 h:2 e:1 f:1 l:1 f:1 i:1 d:1	3418 3442 3473 3419 3468 3484 3483 3482 3478	9	1956	2081	131	54
p003-u133	3	page-003.jpg	img3-m128	16	133	e:1 a:1 b:1 c:1 a:1 g:1 e:1 e:1 h:1 e:1 c:1 h:2 e:1 i:1	3420 3451 3433 3443 3452 3457 3421 3422 3429 3423 3444 3474 3424 3485	14	2128	2066	235	101
p003-u134	3	page-003.jpg	img3-m135	17	134	e:1 c:1 h:2 e:1 g:1 e:1 e:1 f:1 f:1 i:1 d:1	3492 3539 3561 3493 3564 3494 3495 3574 3575 3590 3599	11	567	2143	162	57
p003-u135	3	page-003.jpg	img3-m137	17	135	n:1 e:1 g:1 e:1 e:1 a:1 e:1 b:1 c:1 a:1 g:1 e:1 e:1 f:1 k:1 f:1 i:1 d:1	3693 3496 3565 3497 3498 3618 3500 3609 3540 3619 3566 3499 3501 3576 3640 3577 3591 3600	18	764	2117	293	86
p003-u136	3	page-003.jpg	img3-m138	17	136	c:1 a:1 b:1 c:1 a:1 e:1 f:1 k:1 f:1 i:1 d:1 e:1 g:1 e:1 e:1 e:1 h:1	3541 3620 3610 3542 3621 3502 3578 3641 3579 3592 3601 3503 3567 3504 3505 3506 3645	17	1105	2133	321	105
p003-u137	3	page-003.jpg	img3-m136	17	137	n:1 c:2 g:1 e:1 e:1 h:1 a:1 e:1 b:1 c:1 a:1 b:1 d:1 e:1 b:1 c:1 a:1 e:1 b:1 c:1 a:1 c:1 f:1 j:1	3694 5515 3568 3508 3509 3646 3622 3510 3624 3545 3623 3611 3625 3511 5516 3543 5510 5512 5513 5514 5511 3544 3581 3648	24	1486	2134	358	109
p003-u138	3	page-003.jpg	img3-m134	17	138	e:1 a:1 e:1 b:1 c:1 a:1 g:1 e:1 e:1 f:1 j:1 e:1 i:1 d:1	3513 3629 3515 3613 3547 3630 3569 3514 3516 3582 3649 3517 3594 3603	14	1897	2138	214	103
p003-u139	3	page-003.jpg	img3-m139	17	139	e:1 c:1 h:2 e:1 f:1 c:1 e:1 a:1 b:1 c:1 a:1 g:1 e:1 c:1	3518 3548 3598 3519 3583 3549 3520 3631 3614 3551 3632 3633 3521 3550	14	2149	2157	211	82
p003-u140	3	page-003.jpg	img3-m142	18	140	n:1 e:1 g:1 e:1 c:1 a:1 b:1 c:1 a:1	3695 3522 3570 3523 3552 3634 3615 3553 3635	9	571	2208	146	69
p003-u141	3	page-003.jpg	img3-m144	18	141	e:1 g:1 e:1 c:1 f:1 i:1 d:1	3524 3571 3525 3554 3584 3595 3604	7	742	2218	128	59
p003-u142	3	page-003.jpg	img3-m143	18	142	e:1 g:1 e:1 e:1 e:1 h:1	3526 3572 3527 3528 3529 3643	6	917	2253	116	52
p003-u143	3	page-003.jpg	img3-m141	18	143	e:1 c:1 h:2 e:1 f:1 l:1 f:1 i:1 d:1	3530 3555 3562 3531 3585 3647 3586 3596 3605	9	1099	2235	121	56
p003-u144	3	page-003.jpg	img3-m140	18	144	e:1 a:1 b:1 c:1 a:1 g:1 e:1 e:1 e:1 h:1	3532 3636 3616 3556 3637 3573 3533 3534 3535 3644	10	1268	2215	153	106
p003-u145	3	page-003.jpg	img3-m146	18	145	c:1 a:1 e:1 b:1 c:1 a:1 c:1 f:1 j:1	3557 3638 3536 3617 3559 3639 3558 3587 3650	9	1961	2246	137	82
p003-u146	3	page-003.jpg	img3-m145	18	146	e:1 c:1 h:2 e:1 f:1 f:1 k:1 f:1 i:1 d:1	3537 3560 3563 3538 3588 3653 3642 3589 3597 3606	10	2142	2275	182	62
p003-u147	3	page-003.jpg	img3-m147	19	147	e:1 a:1 e:1 b:1 c:1 a:1 b:1 d:1 g:1 e:1 c:1	3710 3757 3712 5518 3766 3758 5517 3779 3749 3711 3765	11	534	2350	366	185
p003-u148	3	page-003.jpg	img3-m149	19	148	n:1 e:1 g:1 e:1 e:1 f:1 k:1 f:1 i:1 d:1	3780 3713 3750 3714 3715 3716 3784 3717 3785 3786	10	685	2480	174	74
p003-u149	3	page-003.jpg	img3-m150	19	149	n:1 c:2 g:1 e:1 c:1 a:1 b:1 c:1 a:1 e:1 g:1 e:1 e:1 e:1 e:1	3781 3787 3751 3718 3767 3759 3788 3768 3760 3719 3752 3720 3721 3722 3746	15	900	2455	230	97
p003-u150	3	page-003.jpg	img3-m151	19	150	e:1 g:1 e:1 c:1 f:1 j:1	3723 3753 3724 3769 3789 3790	6	1181	2529	115	51
p003-u151	3	page-003.jpg	img3-m148	19	151	a:1 e:1 b:1 c:1 a:1 n:1 e:1 g:1 e:1 c:1 e:1 c:1 h:2 e:1 e:1 e:1 i:1 d:1 e:1 h:1	3761 3791 3792 3770 3762 3782 3725 3754 3726 3771 3747 3772 3793 3727 3728 3729 3796 3797 3730 3798	20	1333	2434	289	144
p003-u152	3	page-003.jpg	img3-m152	19	152	e:1 a:1 e:1 b:1 c:1 a:1 b:1 d:1 n:1 e:1 c:1 h:2 e:1 g:1 e:1 e:1 e:1 h:1 e:1 h:1 e:1 e:1 e:1 h:1	5490 3763 3735 3804 3773 3764 3803 3805 3783 3737 3774 3794 3731 3755 3732 3733 3734 3799 3736 3800 3738 3739 3740 3801	24	1675	2465	323	143
p003-u153	3	page-003.jpg	img3-m154	19	153	e:1 g:1 e:1 c:1 f:1 i:1 d:1 e:1 h:1	3743 3756 3742 3775 3806 3807 3808 3744 3802	9	2030	2542	174	76
p003-u154	3	page-003.jpg	img3-m153	19	154	e:1 c:1 h:2 e:1 f:1 f:1 i:1 d:1	3748 3776 3795 3745 3809 3810 3811 3812	8	2230	2539	96	61
p003-u155	3	page-003.jpg	img3-m157	20	155	e:1 h:1 e:1 c:1 h:2 e:1 f:1 l:1 f:1 i:1 d:1	3813 3839 3814 3845 3841 3815 3853 3869 3854 3872 3882	11	544	2579	154	70
p003-u156	3	page-003.jpg	img3-m161	20	156	e:1 g:1 e:1 c:1 f:1 j:1	3816 3888 3817 3846 3855 3880	6	739	2611	120	34
p003-u157	3	page-003.jpg	img3-m158	20	157	e:1 c:1 h:2 e:1 f:1 l:1 f:1 i:1 d:1	3818 3847 3842 4652 4651 3870 3857 3873 3883	9	899	2601	119	49
p003-u158	3	page-003.jpg	img3-m155	20	158	e:1 a:1 m:1 c:1 a:1 g:1 e:1 e:1 f:1 f:1 j:1	3820 3893 3899 3852 3894 3889 3821 3822 3858 3859 3881	11	1059	2568	156	81
p003-u159	3	page-003.jpg	img3-m159	20	159	e:1 c:1 h:2 e:1 f:1 f:1 i:1 d:1	3823 3848 3843 3824 3860 3874 3875 3884	8	1255	2604	107	50
p003-u160	3	page-003.jpg	img3-m163	20	160	n:1 e:1 g:1 e:1 e:1 e:1 f:1 f:1 i:1 d:1	3901 3825 3890 3826 3827 3828 3861 3862 3876 3885	10	1403	2601	169	56
p003-u161	3	page-003.jpg	img3-m156	20	161	a:1 b:1 c:1 a:1 e:1 f:1 k:1 f:1 i:1 d:1	3895 3903 3851 3896 3829 3863 3871 3864 3877 4082	10	1617	2582	145	95
p003-u162	3	page-003.jpg	img3-m162	20	162	e:1 c:1 h:2 e:1 f:1 f:1 i:1 d:1	3830 3849 3844 3831 3865 3866 3878 3886	8	1799	2626	103	55
p003-u163	3	page-003.jpg	img3-m164	20	163	n:1 e:1 g:1 e:1 e:1 e:1 h:1	3902 3832 3891 3833 3834 3835 3840	7	1938	2620	115	80
p003-u164	3	page-003.jpg	img3-m160	20	164	e:1 a:1 m:1 c:1 a:1 g:1 e:1 e:1 f:1 f:1 i:1 d:1	3836 3897 3900 3850 3898 3892 3837 3838 3867 3868 3879 3887	12	2093	2605	171	82
p003-u165	3	page-003.jpg	img3-m167	21	165	e:1 g:1 e:1 c:1	3905 3924 3906 3928	4	541	2687	87	29
p003-u166	3	page-003.jpg	img3-m170	21	166	c:1 a:1 b:1 c:1 a:1 e:1 f:1 k:1 f:1 i:1 d:1	3929 3944 3953 3930 3945 3907 3957 3972 3958 3976 3982	11	685	2649	178	81
p003-u167	3	page-003.jpg	img3-m171	21	167	n:1 e:1 g:1 e:1 c:1 e:1 f:1 k:1 f:1 i:1 d:1	3987 3908 3925 3909 3931 3910 3959 3973 3960 3977 3983	11	902	2671	203	61
p003-u168	3	page-003.jpg	img3-m172	21	168	c:1 a:1 b:1 c:1 a:1 c:1 f:1 j:1	3935 3946 3954 3934 3947 3933 3961 3988	8	1159	2655	139	83
p003-u169	3	page-003.jpg	img3-m169	21	169	e:1 c:1 h:2 e:1 f:1 k:1 f:1 i:1 d:1	3911 3936 3991 3912 3962 3974 3963 3978 3984	9	1338	2692	155	54
p003-u170	3	page-003.jpg	img3-m165	21	170	e:1 a:1 b:1 c:1 a:1 b:1 d:1 e:1 f:1 f:1 i:1 d:1	3913 3948 3995 3937 3994 3955 3996 3914 3964 3965 3979 3985	12	1515	2669	116	86
p003-u171	3	page-003.jpg	img3-m166	21	171	e:1 a:1 e:1 b:1 c:1 a:1 g:1 e:1 c:1 f:1 j:1	3915 3949 3917 3956 3938 3950 3926 3916 3939 3966 3989	11	1671	2682	168	90
p003-u172	3	page-003.jpg	img3-m173	21	172	e:1 c:1 h:2 e:1 f:1 k:1 f:1 i:1	3918 3940 3992 3919 3967 3975 3968 3980	8	1884	2720	127	48
p003-u173	3	page-003.jpg	img3-m168	21	173	e:1 a:1 e:1 b:1 c:1 a:1 g:1 e:1 c:1 f:1 j:1 e:1 c:1 h:2 e:1 f:1 f:1 i:1 d:1	3920 3998 3999 4000 3941 3952 3927 3921 3942 3969 3990 3922 3943 3993 3923 3970 3971 3981 3986	19	2055	2691	257	94
p003-u174	3	page-003.jpg	img3-m176	22	174	e:1 h:1 e:1 g:1 e:1 e:1 e:1 e:1 h:1	4001 4030 4002 4031 4003 4004 4005 4006 4025	9	536	2775	159	52
p003-u175	3	page-003.jpg	img3-m178	22	175	c:1 a:1 b:1 c:1 a:1 e:1 e:1 e:1	4035 4051 4063 4036 4052 4007 4008 4009	8	728	2735	139	81
p003-u176	3	page-003.jpg	img3-m179	22	176	c:1 a:1 b:1 c:1 a:1 e:1 h:1	4038 4053 4064 4037 4054 4010 4026	7	935	2730	90	109
p003-u177	3	page-003.jpg	img3-m175	22	177	e:1 c:1 h:2 e:1 f:1 k:1 f:1 i:1 d:1	4011 4039 4069 4012 4072 4077 4073 4079 4081	9	1059	2756	136	56
p003-u178	3	page-003.jpg	img3-m180	22	178	c:1 a:1 b:1 c:1 a:1 e:1 g:1 e:1 e:1 e:1 h:1	4040 4055 4065 4041 4056 4013 4032 4014 4015 4016 4027	11	1246	2740	199	114
p003-u179	3	page-003.jpg	img3-m174	22	179	a:1 b:1 c:1 a:1 c:1 a:1 b:1 c:1 a:1 e:1 f:1 k:1 f:1 i:1 d:1	4057 4066 4042 4058 4043 4059 4067 4044 4060 4017 4074 4078 4075 4080 4083	15	1479	2753	236	98
p003-u180	3	page-003.jpg	img3-m183	22	180	c:1 e:1 g:1 e:1 c:1 f:1 j:1	4045 4018 4033 4019 4046 4076 4084	7	1754	2825	204	38
p003-u181	3	page-003.jpg	img3-m177	22	181	a:1 b:1 c:1 a:1 c:1 e:1 c:1 h:2 e:1 g:1 e:1 e:1 h:1 e:1 c:1 h:2	4061 4068 4047 4062 4048 4024 4049 4070 4020 4034 4021 4022 4029 4023 4050 4071	16	1995	2781	241	86
p003-u182	3	page-003.jpg	img3-m184	23	182	e:1 c:1 h:2 e:1 g:1 e:1 e:1 c:1	4109 4157 4182 4110 4143 4111 4112 4158	8	536	2838	134	53
p003-u183	3	page-003.jpg	img3-m187	23	183	n:1 e:1 g:1 e:1 c:1 e:1 c:1 h:2 e:1 h:1	4207 4113 4144 4114 4159 4115 4160 4183 4116 4185	10	720	2841	181	89
p003-u184	3	page-003.jpg	img3-m181	23	184	a:1 b:1 c:1 a:1 c:2 g:1 e:1 n:1 e:1 g:1 e:1 e:1 h:1	4193 4212 4161 4194 4162 4145 4117 4209 4118 4146 4119 4120 4186	13	954	2822	167	106
p003-u185	3	page-003.jpg	img3-m182	23	185	e:1 a:1 m:1 c:1 a:1 g:1 e:1 e:1 h:1	4121 4195 4210 4163 4196 4147 4122 4123 4187	9	1176	2822	133	115
p003-u186	3	page-003.jpg	img3-m188	23	186	c:1 a:1 b:1 c:1 a:1 e:1 g:1 e:1 e:1 e:1 h:1	4164 4197 4213 4165 4198 4124 4148 4127 4126 4128 4188	11	1371	2850	217	100
p003-u187	3	page-003.jpg	img3-m185	23	187	a:1 b:1 c:1 a:1 e:1 e:1 e:1 h:1	4199 4214 4166 4200 4149 4150 4151 4189	8	1627	2856	128	108
p003-u188	3	page-003.jpg	img3-m186	23	188	a:1 b:1 c:1 a:1 e:1 e:1 e:1 h:1	4201 4215 4167 4202 4152 4153 4154 4190	8	1791	2870	125	101
p003-u189	3	page-003.jpg	img3-m189	23	189	e:1 c:1 h:2 e:1 f:1 f:1 j:1	4156 4168 4184 4155 4218 4219 4222	7	1944	2908	99	51
p003-u190	3	page-003.jpg	img3-m190	23	190	n:1 e:1 g:1 e:1 a:1 e:1 b:1 c:1 a:1 c:1 f:1 i:1 d:1	4208 4085 4091 4086 4093 4087 4095 4096 4094 4097 4100 4103 4105	13	2084	2875	195	83
p003-u191	3	page-003.jpg	img3-m191	24	191	e:1 g:1 e:1 c:1	4142 4177 4141 4176	4	537	2935	104	27
p003-u192	3	page-003.jpg	img3-m192	24	192	e:1 g:1 e:1 c:1 f:1 j:1	4140 4178 4139 4175 4220 4221	6	727	2951	129	35
p003-u193	3	page-003.jpg	img3-m193	24	193	e:1 g:1 e:1 c:1 a:1 c:1	4138 4179 4137 4174 4203 4173	6	903	2913	150	68
p003-u194	3	page-003.jpg	img3-m194	24	194	e:1 g:1 e:1 c:1 a:1 m:1 c:1 a:1 e:1 h:1	4136 4180 4135 4172 4205 4211 4171 4204 4134 4192	10	1080	2916	174	103
p003-u195	3	page-003.jpg	img3-m195	24	195	e:1 g:1 e:1 c:1 a:1 e:1 b:1 c:1 a:1 e:1 e:1 h:1	4132 4181 4131 4170 4206 4133 4217 4169 4216 4130 4129 4191	12	1310	2928	184	100
p003-u196	3	page-003.jpg	img3-m196	24	196	e:1 c:1 h:2 c:2 g:1 e:1 e:1 f:1 k:1 f:1 i:1 d:1	4088 4098 4107 4099 4092 4089 4090 4101 4108 4102 4104 4106	12	2000	2986	200	62
